instrument_key,time_utc,new_york_local_time,year,month,weekday_utc,utc_hour,new_york_hour,cause_code,raw_present,raw_sample_run_id,raw_artifact_relative_path,raw_sample_superseded_by_run_id,curated_row_present,quarantine_event_id,covered_by_successful_raw_run,covering_successful_run_id,covering_run_manifest_relative_path,major_market_move_label,owner,blocking,required_evidence
eurusd,2011-12-26T07:00:00Z,2011-12-26T02:00:00-05:00,2011,12,Monday,7,2,SAXO_RAW_NO_SAMPLE,False,,,,False,,True,822,data/acquisition/runs/20260727T070056Z-537c3d90/run_manifest.json,,Saxo provider/source coverage,False,
eurusd,2011-12-26T08:00:00Z,2011-12-26T03:00:00-05:00,2011,12,Monday,8,3,SAXO_RAW_NO_SAMPLE,False,,,,False,,True,822,data/acquisition/runs/20260727T070056Z-537c3d90/run_manifest.json,,Saxo provider/source coverage,False,
eurusd,2011-12-26T09:00:00Z,2011-12-26T04:00:00-05:00,2011,12,Monday,9,4,SAXO_RAW_NO_SAMPLE,False,,,,False,,True,822,data/acquisition/runs/20260727T070056Z-537c3d90/run_manifest.json,,Saxo provider/source coverage,False,
eurusd,2011-12-26T10:00:00Z,2011-12-26T05:00:00-05:00,2011,12,Monday,10,5,SAXO_RAW_NO_SAMPLE,False,,,,False,,True,822,data/acquisition/runs/20260727T070056Z-537c3d90/run_manifest.json,,Saxo provider/source coverage,False,
eurusd,2011-12-26T11:00:00Z,2011-12-26T06:00:00-05:00,2011,12,Monday,11,6,SAXO_RAW_NO_SAMPLE,False,,,,False,,True,822,data/acquisition/runs/20260727T070056Z-537c3d90/run_manifest.json,,Saxo provider/source coverage,False,
eurusd,2011-12-26T12:00:00Z,2011-12-26T07:00:00-05:00,2011,12,Monday,12,7,SAXO_RAW_NO_SAMPLE,False,,,,False,,True,822,data/acquisition/runs/20260727T070056Z-537c3d90/run_manifest.json,,Saxo provider/source coverage,False,
eurusd,2011-12-26T13:00:00Z,2011-12-26T08:00:00-05:00,2011,12,Monday,13,8,SAXO_RAW_NO_SAMPLE,False,,,,False,,True,822,data/acquisition/runs/20260727T070056Z-537c3d90/run_manifest.json,,Saxo provider/source coverage,False,
eurusd,2011-12-26T14:00:00Z,2011-12-26T09:00:00-05:00,2011,12,Monday,14,9,SAXO_RAW_NO_SAMPLE,False,,,,False,,True,822,data/acquisition/runs/20260727T070056Z-537c3d90/run_manifest.json,,Saxo provider/source coverage,False,
eurusd,2011-12-26T15:00:00Z,2011-12-26T10:00:00-05:00,2011,12,Monday,15,10,SAXO_RAW_NO_SAMPLE,False,,,,False,,True,822,data/acquisition/runs/20260727T070056Z-537c3d90/run_manifest.json,,Saxo provider/source coverage,False,
eurusd,2011-12-26T16:00:00Z,2011-12-26T11:00:00-05:00,2011,12,Monday,16,11,SAXO_RAW_NO_SAMPLE,False,,,,False,,True,822,data/acquisition/runs/20260727T070056Z-537c3d90/run_manifest.json,,Saxo provider/source coverage,False,
eurusd,2012-01-01T23:00:00Z,2012-01-01T18:00:00-05:00,2012,1,Sunday,23,18,SAXO_RAW_NO_SAMPLE,False,,,,False,,True,822,data/acquisition/runs/20260727T070056Z-537c3d90/run_manifest.json,,Saxo provider/source coverage,False,
eurusd,2012-01-02T00:00:00Z,2012-01-01T19:00:00-05:00,2012,1,Monday,0,19,SAXO_RAW_NO_SAMPLE,False,,,,False,,True,822,data/acquisition/runs/20260727T070056Z-537c3d90/run_manifest.json,,Saxo provider/source coverage,False,
eurusd,2012-01-02T01:00:00Z,2012-01-01T20:00:00-05:00,2012,1,Monday,1,20,SAXO_RAW_NO_SAMPLE,False,,,,False,,True,822,data/acquisition/runs/20260727T070056Z-537c3d90/run_manifest.json,,Saxo provider/source coverage,False,
eurusd,2012-01-02T02:00:00Z,2012-01-01T21:00:00-05:00,2012,1,Monday,2,21,SAXO_RAW_NO_SAMPLE,False,,,,False,,True,822,data/acquisition/runs/20260727T070056Z-537c3d90/run_manifest.json,,Saxo provider/source coverage,False,
eurusd,2012-01-02T03:00:00Z,2012-01-01T22:00:00-05:00,2012,1,Monday,3,22,SAXO_RAW_NO_SAMPLE,False,,,,False,,True,822,data/acquisition/runs/20260727T070056Z-537c3d90/run_manifest.json,,Saxo provider/source coverage,False,
eurusd,2012-01-02T04:00:00Z,2012-01-01T23:00:00-05:00,2012,1,Monday,4,23,SAXO_RAW_NO_SAMPLE,False,,,,False,,True,822,data/acquisition/runs/20260727T070056Z-537c3d90/run_manifest.json,,Saxo provider/source coverage,False,
eurusd,2012-12-25T07:00:00Z,2012-12-25T02:00:00-05:00,2012,12,Tuesday,7,2,SAXO_RAW_NO_SAMPLE,False,,,,False,,True,822,data/acquisition/runs/20260727T070056Z-537c3d90/run_manifest.json,,Saxo provider/source coverage,False,
eurusd,2012-12-25T08:00:00Z,2012-12-25T03:00:00-05:00,2012,12,Tuesday,8,3,SAXO_RAW_NO_SAMPLE,False,,,,False,,True,822,data/acquisition/runs/20260727T070056Z-537c3d90/run_manifest.json,,Saxo provider/source coverage,False,
eurusd,2012-12-25T09:00:00Z,2012-12-25T04:00:00-05:00,2012,12,Tuesday,9,4,SAXO_RAW_NO_SAMPLE,False,,,,False,,True,822,data/acquisition/runs/20260727T070056Z-537c3d90/run_manifest.json,,Saxo provider/source coverage,False,
eurusd,2012-12-25T10:00:00Z,2012-12-25T05:00:00-05:00,2012,12,Tuesday,10,5,SAXO_RAW_NO_SAMPLE,False,,,,False,,True,822,data/acquisition/runs/20260727T070056Z-537c3d90/run_manifest.json,,Saxo provider/source coverage,False,
eurusd,2012-12-25T11:00:00Z,2012-12-25T06:00:00-05:00,2012,12,Tuesday,11,6,SAXO_RAW_NO_SAMPLE,False,,,,False,,True,822,data/acquisition/runs/20260727T070056Z-537c3d90/run_manifest.json,,Saxo provider/source coverage,False,
eurusd,2012-12-25T12:00:00Z,2012-12-25T07:00:00-05:00,2012,12,Tuesday,12,7,SAXO_RAW_NO_SAMPLE,False,,,,False,,True,822,data/acquisition/runs/20260727T070056Z-537c3d90/run_manifest.json,,Saxo provider/source coverage,False,
eurusd,2012-12-25T13:00:00Z,2012-12-25T08:00:00-05:00,2012,12,Tuesday,13,8,SAXO_RAW_NO_SAMPLE,False,,,,False,,True,822,data/acquisition/runs/20260727T070056Z-537c3d90/run_manifest.json,,Saxo provider/source coverage,False,
eurusd,2012-12-25T14:00:00Z,2012-12-25T09:00:00-05:00,2012,12,Tuesday,14,9,SAXO_RAW_NO_SAMPLE,False,,,,False,,True,822,data/acquisition/runs/20260727T070056Z-537c3d90/run_manifest.json,,Saxo provider/source coverage,False,
eurusd,2012-12-25T15:00:00Z,2012-12-25T10:00:00-05:00,2012,12,Tuesday,15,10,SAXO_RAW_NO_SAMPLE,False,,,,False,,True,822,data/acquisition/runs/20260727T070056Z-537c3d90/run_manifest.json,,Saxo provider/source coverage,False,
eurusd,2012-12-25T16:00:00Z,2012-12-25T11:00:00-05:00,2012,12,Tuesday,16,11,SAXO_RAW_NO_SAMPLE,False,,,,False,,True,822,data/acquisition/runs/20260727T070056Z-537c3d90/run_manifest.json,,Saxo provider/source coverage,False,
eurusd,2012-12-25T17:00:00Z,2012-12-25T12:00:00-05:00,2012,12,Tuesday,17,12,SAXO_RAW_NO_SAMPLE,False,,,,False,,True,822,data/acquisition/runs/20260727T070056Z-537c3d90/run_manifest.json,,Saxo provider/source coverage,False,
eurusd,2012-12-25T18:00:00Z,2012-12-25T13:00:00-05:00,2012,12,Tuesday,18,13,SAXO_RAW_NO_SAMPLE,False,,,,False,,True,822,data/acquisition/runs/20260727T070056Z-537c3d90/run_manifest.json,,Saxo provider/source coverage,False,
eurusd,2012-12-25T19:00:00Z,2012-12-25T14:00:00-05:00,2012,12,Tuesday,19,14,SAXO_RAW_NO_SAMPLE,False,,,,False,,True,822,data/acquisition/runs/20260727T070056Z-537c3d90/run_manifest.json,,Saxo provider/source coverage,False,
eurusd,2012-12-25T20:00:00Z,2012-12-25T15:00:00-05:00,2012,12,Tuesday,20,15,SAXO_RAW_NO_SAMPLE,False,,,,False,,True,822,data/acquisition/runs/20260727T070056Z-537c3d90/run_manifest.json,,Saxo provider/source coverage,False,
eurusd,2012-12-31T23:00:00Z,2012-12-31T18:00:00-05:00,2012,12,Monday,23,18,SAXO_RAW_NO_SAMPLE,False,,,,False,,True,822,data/acquisition/runs/20260727T070056Z-537c3d90/run_manifest.json,,Saxo provider/source coverage,False,
eurusd,2013-01-01T00:00:00Z,2012-12-31T19:00:00-05:00,2013,1,Tuesday,0,19,SAXO_RAW_NO_SAMPLE,False,,,,False,,True,822,data/acquisition/runs/20260727T070056Z-537c3d90/run_manifest.json,,Saxo provider/source coverage,False,
eurusd,2013-01-01T01:00:00Z,2012-12-31T20:00:00-05:00,2013,1,Tuesday,1,20,SAXO_RAW_NO_SAMPLE,False,,,,False,,True,822,data/acquisition/runs/20260727T070056Z-537c3d90/run_manifest.json,,Saxo provider/source coverage,False,
eurusd,2013-01-01T02:00:00Z,2012-12-31T21:00:00-05:00,2013,1,Tuesday,2,21,SAXO_RAW_NO_SAMPLE,False,,,,False,,True,822,data/acquisition/runs/20260727T070056Z-537c3d90/run_manifest.json,,Saxo provider/source coverage,False,
eurusd,2013-01-01T03:00:00Z,2012-12-31T22:00:00-05:00,2013,1,Tuesday,3,22,SAXO_RAW_NO_SAMPLE,False,,,,False,,True,822,data/acquisition/runs/20260727T070056Z-537c3d90/run_manifest.json,,Saxo provider/source coverage,False,
eurusd,2013-01-01T04:00:00Z,2012-12-31T23:00:00-05:00,2013,1,Tuesday,4,23,SAXO_RAW_NO_SAMPLE,False,,,,False,,True,822,data/acquisition/runs/20260727T070056Z-537c3d90/run_manifest.json,,Saxo provider/source coverage,False,
eurusd,2013-01-01T05:00:00Z,2013-01-01T00:00:00-05:00,2013,1,Tuesday,5,0,SAXO_RAW_NO_SAMPLE,False,,,,False,,True,822,data/acquisition/runs/20260727T070056Z-537c3d90/run_manifest.json,,Saxo provider/source coverage,False,
eurusd,2013-01-01T06:00:00Z,2013-01-01T01:00:00-05:00,2013,1,Tuesday,6,1,SAXO_RAW_NO_SAMPLE,False,,,,False,,True,822,data/acquisition/runs/20260727T070056Z-537c3d90/run_manifest.json,,Saxo provider/source coverage,False,
eurusd,2013-01-01T07:00:00Z,2013-01-01T02:00:00-05:00,2013,1,Tuesday,7,2,SAXO_RAW_NO_SAMPLE,False,,,,False,,True,822,data/acquisition/runs/20260727T070056Z-537c3d90/run_manifest.json,,Saxo provider/source coverage,False,
eurusd,2013-01-01T08:00:00Z,2013-01-01T03:00:00-05:00,2013,1,Tuesday,8,3,SAXO_RAW_NO_SAMPLE,False,,,,False,,True,822,data/acquisition/runs/20260727T070056Z-537c3d90/run_manifest.json,,Saxo provider/source coverage,False,
eurusd,2013-01-01T09:00:00Z,2013-01-01T04:00:00-05:00,2013,1,Tuesday,9,4,SAXO_RAW_NO_SAMPLE,False,,,,False,,True,822,data/acquisition/runs/20260727T070056Z-537c3d90/run_manifest.json,,Saxo provider/source coverage,False,
eurusd,2013-01-01T10:00:00Z,2013-01-01T05:00:00-05:00,2013,1,Tuesday,10,5,SAXO_RAW_NO_SAMPLE,False,,,,False,,True,822,data/acquisition/runs/20260727T070056Z-537c3d90/run_manifest.json,,Saxo provider/source coverage,False,
eurusd,2013-01-01T11:00:00Z,2013-01-01T06:00:00-05:00,2013,1,Tuesday,11,6,SAXO_RAW_NO_SAMPLE,False,,,,False,,True,822,data/acquisition/runs/20260727T070056Z-537c3d90/run_manifest.json,,Saxo provider/source coverage,False,
eurusd,2013-01-01T12:00:00Z,2013-01-01T07:00:00-05:00,2013,1,Tuesday,12,7,SAXO_RAW_NO_SAMPLE,False,,,,False,,True,822,data/acquisition/runs/20260727T070056Z-537c3d90/run_manifest.json,,Saxo provider/source coverage,False,
eurusd,2013-01-01T13:00:00Z,2013-01-01T08:00:00-05:00,2013,1,Tuesday,13,8,SAXO_RAW_NO_SAMPLE,False,,,,False,,True,822,data/acquisition/runs/20260727T070056Z-537c3d90/run_manifest.json,,Saxo provider/source coverage,False,
eurusd,2013-01-01T14:00:00Z,2013-01-01T09:00:00-05:00,2013,1,Tuesday,14,9,SAXO_RAW_NO_SAMPLE,False,,,,False,,True,822,data/acquisition/runs/20260727T070056Z-537c3d90/run_manifest.json,,Saxo provider/source coverage,False,
eurusd,2013-01-01T15:00:00Z,2013-01-01T10:00:00-05:00,2013,1,Tuesday,15,10,SAXO_RAW_NO_SAMPLE,False,,,,False,,True,822,data/acquisition/runs/20260727T070056Z-537c3d90/run_manifest.json,,Saxo provider/source coverage,False,
eurusd,2013-01-01T16:00:00Z,2013-01-01T11:00:00-05:00,2013,1,Tuesday,16,11,SAXO_RAW_NO_SAMPLE,False,,,,False,,True,822,data/acquisition/runs/20260727T070056Z-537c3d90/run_manifest.json,,Saxo provider/source coverage,False,
eurusd,2013-01-01T17:00:00Z,2013-01-01T12:00:00-05:00,2013,1,Tuesday,17,12,SAXO_RAW_NO_SAMPLE,False,,,,False,,True,822,data/acquisition/runs/20260727T070056Z-537c3d90/run_manifest.json,,Saxo provider/source coverage,False,
eurusd,2013-01-01T18:00:00Z,2013-01-01T13:00:00-05:00,2013,1,Tuesday,18,13,SAXO_RAW_NO_SAMPLE,False,,,,False,,True,822,data/acquisition/runs/20260727T070056Z-537c3d90/run_manifest.json,,Saxo provider/source coverage,False,
eurusd,2013-01-01T19:00:00Z,2013-01-01T14:00:00-05:00,2013,1,Tuesday,19,14,SAXO_RAW_NO_SAMPLE,False,,,,False,,True,822,data/acquisition/runs/20260727T070056Z-537c3d90/run_manifest.json,,Saxo provider/source coverage,False,
eurusd,2013-01-01T20:00:00Z,2013-01-01T15:00:00-05:00,2013,1,Tuesday,20,15,SAXO_RAW_NO_SAMPLE,False,,,,False,,True,822,data/acquisition/runs/20260727T070056Z-537c3d90/run_manifest.json,,Saxo provider/source coverage,False,
eurusd,2013-01-31T23:00:00Z,2013-01-31T18:00:00-05:00,2013,1,Thursday,23,18,SAXO_RAW_NO_SAMPLE,True,156,data/acquisition/runs/20260724T193732Z-64b36f38/instruments/eurusd/chart_0072.json,822,False,,True,822,data/acquisition/runs/20260727T070056Z-537c3d90/run_manifest.json,,Saxo provider/source coverage,False,
eurusd,2013-02-28T23:00:00Z,2013-02-28T18:00:00-05:00,2013,2,Thursday,23,18,SAXO_RAW_NO_SAMPLE,True,156,data/acquisition/runs/20260724T193732Z-64b36f38/instruments/eurusd/chart_0072.json,822,False,,True,822,data/acquisition/runs/20260727T070056Z-537c3d90/run_manifest.json,,Saxo provider/source coverage,False,
eurusd,2013-03-31T22:00:00Z,2013-03-31T18:00:00-04:00,2013,3,Sunday,22,18,SAXO_RAW_NO_SAMPLE,True,156,data/acquisition/runs/20260724T193732Z-64b36f38/instruments/eurusd/chart_0071.json,822,False,,True,822,data/acquisition/runs/20260727T070056Z-537c3d90/run_manifest.json,,Saxo provider/source coverage,False,
eurusd,2013-03-31T23:00:00Z,2013-03-31T19:00:00-04:00,2013,3,Sunday,23,19,SAXO_RAW_NO_SAMPLE,True,156,data/acquisition/runs/20260724T193732Z-64b36f38/instruments/eurusd/chart_0071.json,822,False,,True,822,data/acquisition/runs/20260727T070056Z-537c3d90/run_manifest.json,,Saxo provider/source coverage,False,
eurusd,2013-04-30T22:00:00Z,2013-04-30T18:00:00-04:00,2013,4,Tuesday,22,18,SAXO_RAW_NO_SAMPLE,True,156,data/acquisition/runs/20260724T193732Z-64b36f38/instruments/eurusd/chart_0071.json,822,False,,True,822,data/acquisition/runs/20260727T070056Z-537c3d90/run_manifest.json,,Saxo provider/source coverage,False,
eurusd,2013-04-30T23:00:00Z,2013-04-30T19:00:00-04:00,2013,4,Tuesday,23,19,SAXO_RAW_NO_SAMPLE,True,156,data/acquisition/runs/20260724T193732Z-64b36f38/instruments/eurusd/chart_0071.json,822,False,,True,822,data/acquisition/runs/20260727T070056Z-537c3d90/run_manifest.json,,Saxo provider/source coverage,False,
eurusd,2013-06-30T22:00:00Z,2013-06-30T18:00:00-04:00,2013,6,Sunday,22,18,SAXO_RAW_NO_SAMPLE,True,156,data/acquisition/runs/20260724T193732Z-64b36f38/instruments/eurusd/chart_0070.json,822,False,,True,822,data/acquisition/runs/20260727T070056Z-537c3d90/run_manifest.json,,Saxo provider/source coverage,False,
eurusd,2013-06-30T23:00:00Z,2013-06-30T19:00:00-04:00,2013,6,Sunday,23,19,SAXO_RAW_NO_SAMPLE,True,156,data/acquisition/runs/20260724T193732Z-64b36f38/instruments/eurusd/chart_0070.json,822,False,,True,822,data/acquisition/runs/20260727T070056Z-537c3d90/run_manifest.json,,Saxo provider/source coverage,False,
eurusd,2013-07-31T22:00:00Z,2013-07-31T18:00:00-04:00,2013,7,Wednesday,22,18,SAXO_RAW_NO_SAMPLE,True,156,data/acquisition/runs/20260724T193732Z-64b36f38/instruments/eurusd/chart_0070.json,822,False,,True,822,data/acquisition/runs/20260727T070056Z-537c3d90/run_manifest.json,,Saxo provider/source coverage,False,
eurusd,2013-07-31T23:00:00Z,2013-07-31T19:00:00-04:00,2013,7,Wednesday,23,19,SAXO_RAW_NO_SAMPLE,True,156,data/acquisition/runs/20260724T193732Z-64b36f38/instruments/eurusd/chart_0070.json,822,False,,True,822,data/acquisition/runs/20260727T070056Z-537c3d90/run_manifest.json,,Saxo provider/source coverage,False,
eurusd,2013-09-02T17:00:00Z,2013-09-02T13:00:00-04:00,2013,9,Monday,17,13,QUARANTINED_VALUE_ANOMALY,True,156,data/acquisition/runs/20260724T193732Z-64b36f38/instruments/eurusd/chart_0069.json,822,False,1497843,True,822,data/acquisition/runs/20260727T070056Z-537c3d90/run_manifest.json,,Saxo provider/source coverage,False,
eurusd,2013-09-30T00:00:00Z,2013-09-29T20:00:00-04:00,2013,9,Monday,0,20,QUARANTINED_VALUE_ANOMALY,True,156,data/acquisition/runs/20260724T193732Z-64b36f38/instruments/eurusd/chart_0069.json,822,False,1497844,True,822,data/acquisition/runs/20260727T070056Z-537c3d90/run_manifest.json,,Saxo provider/source coverage,False,
eurusd,2013-09-30T22:00:00Z,2013-09-30T18:00:00-04:00,2013,9,Monday,22,18,SAXO_RAW_NO_SAMPLE,True,156,data/acquisition/runs/20260724T193732Z-64b36f38/instruments/eurusd/chart_0069.json,822,False,,True,822,data/acquisition/runs/20260727T070056Z-537c3d90/run_manifest.json,,Saxo provider/source coverage,False,
eurusd,2013-09-30T23:00:00Z,2013-09-30T19:00:00-04:00,2013,9,Monday,23,19,SAXO_RAW_NO_SAMPLE,True,156,data/acquisition/runs/20260724T193732Z-64b36f38/instruments/eurusd/chart_0069.json,822,False,,True,822,data/acquisition/runs/20260727T070056Z-537c3d90/run_manifest.json,,Saxo provider/source coverage,False,
eurusd,2013-10-31T22:00:00Z,2013-10-31T18:00:00-04:00,2013,10,Thursday,22,18,SAXO_RAW_NO_SAMPLE,True,156,data/acquisition/runs/20260724T193732Z-64b36f38/instruments/eurusd/chart_0068.json,822,False,,True,822,data/acquisition/runs/20260727T070056Z-537c3d90/run_manifest.json,,Saxo provider/source coverage,False,
eurusd,2013-10-31T23:00:00Z,2013-10-31T19:00:00-04:00,2013,10,Thursday,23,19,SAXO_RAW_NO_SAMPLE,True,156,data/acquisition/runs/20260724T193732Z-64b36f38/instruments/eurusd/chart_0068.json,822,False,,True,822,data/acquisition/runs/20260727T070056Z-537c3d90/run_manifest.json,,Saxo provider/source coverage,False,
eurusd,2013-12-25T07:00:00Z,2013-12-25T02:00:00-05:00,2013,12,Wednesday,7,2,SAXO_RAW_NO_SAMPLE,False,,,,False,,True,822,data/acquisition/runs/20260727T070056Z-537c3d90/run_manifest.json,,Saxo provider/source coverage,False,
eurusd,2013-12-25T08:00:00Z,2013-12-25T03:00:00-05:00,2013,12,Wednesday,8,3,SAXO_RAW_NO_SAMPLE,False,,,,False,,True,822,data/acquisition/runs/20260727T070056Z-537c3d90/run_manifest.json,,Saxo provider/source coverage,False,
eurusd,2013-12-25T09:00:00Z,2013-12-25T04:00:00-05:00,2013,12,Wednesday,9,4,SAXO_RAW_NO_SAMPLE,False,,,,False,,True,822,data/acquisition/runs/20260727T070056Z-537c3d90/run_manifest.json,,Saxo provider/source coverage,False,
eurusd,2013-12-25T10:00:00Z,2013-12-25T05:00:00-05:00,2013,12,Wednesday,10,5,SAXO_RAW_NO_SAMPLE,False,,,,False,,True,822,data/acquisition/runs/20260727T070056Z-537c3d90/run_manifest.json,,Saxo provider/source coverage,False,
eurusd,2013-12-25T11:00:00Z,2013-12-25T06:00:00-05:00,2013,12,Wednesday,11,6,SAXO_RAW_NO_SAMPLE,False,,,,False,,True,822,data/acquisition/runs/20260727T070056Z-537c3d90/run_manifest.json,,Saxo provider/source coverage,False,
eurusd,2013-12-25T12:00:00Z,2013-12-25T07:00:00-05:00,2013,12,Wednesday,12,7,SAXO_RAW_NO_SAMPLE,False,,,,False,,True,822,data/acquisition/runs/20260727T070056Z-537c3d90/run_manifest.json,,Saxo provider/source coverage,False,
eurusd,2013-12-25T13:00:00Z,2013-12-25T08:00:00-05:00,2013,12,Wednesday,13,8,SAXO_RAW_NO_SAMPLE,False,,,,False,,True,822,data/acquisition/runs/20260727T070056Z-537c3d90/run_manifest.json,,Saxo provider/source coverage,False,
eurusd,2013-12-25T14:00:00Z,2013-12-25T09:00:00-05:00,2013,12,Wednesday,14,9,SAXO_RAW_NO_SAMPLE,False,,,,False,,True,822,data/acquisition/runs/20260727T070056Z-537c3d90/run_manifest.json,,Saxo provider/source coverage,False,
eurusd,2013-12-25T15:00:00Z,2013-12-25T10:00:00-05:00,2013,12,Wednesday,15,10,SAXO_RAW_NO_SAMPLE,False,,,,False,,True,822,data/acquisition/runs/20260727T070056Z-537c3d90/run_manifest.json,,Saxo provider/source coverage,False,
eurusd,2013-12-25T16:00:00Z,2013-12-25T11:00:00-05:00,2013,12,Wednesday,16,11,SAXO_RAW_NO_SAMPLE,False,,,,False,,True,822,data/acquisition/runs/20260727T070056Z-537c3d90/run_manifest.json,,Saxo provider/source coverage,False,
eurusd,2013-12-25T17:00:00Z,2013-12-25T12:00:00-05:00,2013,12,Wednesday,17,12,SAXO_RAW_NO_SAMPLE,False,,,,False,,True,822,data/acquisition/runs/20260727T070056Z-537c3d90/run_manifest.json,,Saxo provider/source coverage,False,
eurusd,2013-12-25T18:00:00Z,2013-12-25T13:00:00-05:00,2013,12,Wednesday,18,13,SAXO_RAW_NO_SAMPLE,False,,,,False,,True,822,data/acquisition/runs/20260727T070056Z-537c3d90/run_manifest.json,,Saxo provider/source coverage,False,
eurusd,2013-12-25T19:00:00Z,2013-12-25T14:00:00-05:00,2013,12,Wednesday,19,14,SAXO_RAW_NO_SAMPLE,False,,,,False,,True,822,data/acquisition/runs/20260727T070056Z-537c3d90/run_manifest.json,,Saxo provider/source coverage,False,
eurusd,2013-12-25T20:00:00Z,2013-12-25T15:00:00-05:00,2013,12,Wednesday,20,15,SAXO_RAW_NO_SAMPLE,False,,,,False,,True,822,data/acquisition/runs/20260727T070056Z-537c3d90/run_manifest.json,,Saxo provider/source coverage,False,
eurusd,2013-12-31T23:00:00Z,2013-12-31T18:00:00-05:00,2013,12,Tuesday,23,18,SAXO_RAW_NO_SAMPLE,False,,,,False,,True,822,data/acquisition/runs/20260727T070056Z-537c3d90/run_manifest.json,,Saxo provider/source coverage,False,
eurusd,2014-01-01T00:00:00Z,2013-12-31T19:00:00-05:00,2014,1,Wednesday,0,19,SAXO_RAW_NO_SAMPLE,False,,,,False,,True,822,data/acquisition/runs/20260727T070056Z-537c3d90/run_manifest.json,,Saxo provider/source coverage,False,
eurusd,2014-01-01T01:00:00Z,2013-12-31T20:00:00-05:00,2014,1,Wednesday,1,20,SAXO_RAW_NO_SAMPLE,False,,,,False,,True,822,data/acquisition/runs/20260727T070056Z-537c3d90/run_manifest.json,,Saxo provider/source coverage,False,
eurusd,2014-01-01T02:00:00Z,2013-12-31T21:00:00-05:00,2014,1,Wednesday,2,21,SAXO_RAW_NO_SAMPLE,False,,,,False,,True,822,data/acquisition/runs/20260727T070056Z-537c3d90/run_manifest.json,,Saxo provider/source coverage,False,
eurusd,2014-01-01T03:00:00Z,2013-12-31T22:00:00-05:00,2014,1,Wednesday,3,22,SAXO_RAW_NO_SAMPLE,False,,,,False,,True,822,data/acquisition/runs/20260727T070056Z-537c3d90/run_manifest.json,,Saxo provider/source coverage,False,
eurusd,2014-01-01T04:00:00Z,2013-12-31T23:00:00-05:00,2014,1,Wednesday,4,23,SAXO_RAW_NO_SAMPLE,False,,,,False,,True,822,data/acquisition/runs/20260727T070056Z-537c3d90/run_manifest.json,,Saxo provider/source coverage,False,
eurusd,2014-01-01T05:00:00Z,2014-01-01T00:00:00-05:00,2014,1,Wednesday,5,0,SAXO_RAW_NO_SAMPLE,False,,,,False,,True,822,data/acquisition/runs/20260727T070056Z-537c3d90/run_manifest.json,,Saxo provider/source coverage,False,
eurusd,2014-01-01T06:00:00Z,2014-01-01T01:00:00-05:00,2014,1,Wednesday,6,1,SAXO_RAW_NO_SAMPLE,False,,,,False,,True,822,data/acquisition/runs/20260727T070056Z-537c3d90/run_manifest.json,,Saxo provider/source coverage,False,
eurusd,2014-01-01T07:00:00Z,2014-01-01T02:00:00-05:00,2014,1,Wednesday,7,2,SAXO_RAW_NO_SAMPLE,False,,,,False,,True,822,data/acquisition/runs/20260727T070056Z-537c3d90/run_manifest.json,,Saxo provider/source coverage,False,
eurusd,2014-01-01T08:00:00Z,2014-01-01T03:00:00-05:00,2014,1,Wednesday,8,3,SAXO_RAW_NO_SAMPLE,False,,,,False,,True,822,data/acquisition/runs/20260727T070056Z-537c3d90/run_manifest.json,,Saxo provider/source coverage,False,
eurusd,2014-01-01T09:00:00Z,2014-01-01T04:00:00-05:00,2014,1,Wednesday,9,4,SAXO_RAW_NO_SAMPLE,False,,,,False,,True,822,data/acquisition/runs/20260727T070056Z-537c3d90/run_manifest.json,,Saxo provider/source coverage,False,
eurusd,2014-01-01T10:00:00Z,2014-01-01T05:00:00-05:00,2014,1,Wednesday,10,5,SAXO_RAW_NO_SAMPLE,False,,,,False,,True,822,data/acquisition/runs/20260727T070056Z-537c3d90/run_manifest.json,,Saxo provider/source coverage,False,
eurusd,2014-01-01T11:00:00Z,2014-01-01T06:00:00-05:00,2014,1,Wednesday,11,6,SAXO_RAW_NO_SAMPLE,False,,,,False,,True,822,data/acquisition/runs/20260727T070056Z-537c3d90/run_manifest.json,,Saxo provider/source coverage,False,
eurusd,2014-01-01T12:00:00Z,2014-01-01T07:00:00-05:00,2014,1,Wednesday,12,7,SAXO_RAW_NO_SAMPLE,False,,,,False,,True,822,data/acquisition/runs/20260727T070056Z-537c3d90/run_manifest.json,,Saxo provider/source coverage,False,
eurusd,2014-01-01T13:00:00Z,2014-01-01T08:00:00-05:00,2014,1,Wednesday,13,8,SAXO_RAW_NO_SAMPLE,False,,,,False,,True,822,data/acquisition/runs/20260727T070056Z-537c3d90/run_manifest.json,,Saxo provider/source coverage,False,
eurusd,2014-01-01T14:00:00Z,2014-01-01T09:00:00-05:00,2014,1,Wednesday,14,9,SAXO_RAW_NO_SAMPLE,False,,,,False,,True,822,data/acquisition/runs/20260727T070056Z-537c3d90/run_manifest.json,,Saxo provider/source coverage,False,
eurusd,2014-01-01T15:00:00Z,2014-01-01T10:00:00-05:00,2014,1,Wednesday,15,10,SAXO_RAW_NO_SAMPLE,False,,,,False,,True,822,data/acquisition/runs/20260727T070056Z-537c3d90/run_manifest.json,,Saxo provider/source coverage,False,
eurusd,2014-01-01T16:00:00Z,2014-01-01T11:00:00-05:00,2014,1,Wednesday,16,11,SAXO_RAW_NO_SAMPLE,False,,,,False,,True,822,data/acquisition/runs/20260727T070056Z-537c3d90/run_manifest.json,,Saxo provider/source coverage,False,
eurusd,2014-01-01T17:00:00Z,2014-01-01T12:00:00-05:00,2014,1,Wednesday,17,12,SAXO_RAW_NO_SAMPLE,False,,,,False,,True,822,data/acquisition/runs/20260727T070056Z-537c3d90/run_manifest.json,,Saxo provider/source coverage,False,
eurusd,2014-01-01T18:00:00Z,2014-01-01T13:00:00-05:00,2014,1,Wednesday,18,13,SAXO_RAW_NO_SAMPLE,False,,,,False,,True,822,data/acquisition/runs/20260727T070056Z-537c3d90/run_manifest.json,,Saxo provider/source coverage,False,
eurusd,2014-01-01T19:00:00Z,2014-01-01T14:00:00-05:00,2014,1,Wednesday,19,14,SAXO_RAW_NO_SAMPLE,False,,,,False,,True,822,data/acquisition/runs/20260727T070056Z-537c3d90/run_manifest.json,,Saxo provider/source coverage,False,
eurusd,2014-01-01T20:00:00Z,2014-01-01T15:00:00-05:00,2014,1,Wednesday,20,15,SAXO_RAW_NO_SAMPLE,False,,,,False,,True,822,data/acquisition/runs/20260727T070056Z-537c3d90/run_manifest.json,,Saxo provider/source coverage,False,
eurusd,2014-03-31T22:00:00Z,2014-03-31T18:00:00-04:00,2014,3,Monday,22,18,SAXO_RAW_NO_SAMPLE,True,156,data/acquisition/runs/20260724T193732Z-64b36f38/instruments/eurusd/chart_0066.json,822,False,,True,822,data/acquisition/runs/20260727T070056Z-537c3d90/run_manifest.json,,Saxo provider/source coverage,False,
eurusd,2014-03-31T23:00:00Z,2014-03-31T19:00:00-04:00,2014,3,Monday,23,19,SAXO_RAW_NO_SAMPLE,True,156,data/acquisition/runs/20260724T193732Z-64b36f38/instruments/eurusd/chart_0066.json,822,False,,True,822,data/acquisition/runs/20260727T070056Z-537c3d90/run_manifest.json,,Saxo provider/source coverage,False,
eurusd,2014-04-30T22:00:00Z,2014-04-30T18:00:00-04:00,2014,4,Wednesday,22,18,SAXO_RAW_NO_SAMPLE,True,156,data/acquisition/runs/20260724T193732Z-64b36f38/instruments/eurusd/chart_0066.json,822,False,,True,822,data/acquisition/runs/20260727T070056Z-537c3d90/run_manifest.json,,Saxo provider/source coverage,False,
eurusd,2014-04-30T23:00:00Z,2014-04-30T19:00:00-04:00,2014,4,Wednesday,23,19,SAXO_RAW_NO_SAMPLE,True,156,data/acquisition/runs/20260724T193732Z-64b36f38/instruments/eurusd/chart_0066.json,822,False,,True,822,data/acquisition/runs/20260727T070056Z-537c3d90/run_manifest.json,,Saxo provider/source coverage,False,
eurusd,2014-06-30T22:00:00Z,2014-06-30T18:00:00-04:00,2014,6,Monday,22,18,SAXO_RAW_NO_SAMPLE,True,156,data/acquisition/runs/20260724T193732Z-64b36f38/instruments/eurusd/chart_0065.json,822,False,,True,822,data/acquisition/runs/20260727T070056Z-537c3d90/run_manifest.json,,Saxo provider/source coverage,False,
eurusd,2014-06-30T23:00:00Z,2014-06-30T19:00:00-04:00,2014,6,Monday,23,19,SAXO_RAW_NO_SAMPLE,True,156,data/acquisition/runs/20260724T193732Z-64b36f38/instruments/eurusd/chart_0065.json,822,False,,True,822,data/acquisition/runs/20260727T070056Z-537c3d90/run_manifest.json,,Saxo provider/source coverage,False,
eurusd,2014-07-31T22:00:00Z,2014-07-31T18:00:00-04:00,2014,7,Thursday,22,18,SAXO_RAW_NO_SAMPLE,True,156,data/acquisition/runs/20260724T193732Z-64b36f38/instruments/eurusd/chart_0064.json,822,False,,True,822,data/acquisition/runs/20260727T070056Z-537c3d90/run_manifest.json,,Saxo provider/source coverage,False,
eurusd,2014-07-31T23:00:00Z,2014-07-31T19:00:00-04:00,2014,7,Thursday,23,19,SAXO_RAW_NO_SAMPLE,True,156,data/acquisition/runs/20260724T193732Z-64b36f38/instruments/eurusd/chart_0064.json,822,False,,True,822,data/acquisition/runs/20260727T070056Z-537c3d90/run_manifest.json,,Saxo provider/source coverage,False,
eurusd,2014-08-31T22:00:00Z,2014-08-31T18:00:00-04:00,2014,8,Sunday,22,18,SAXO_RAW_NO_SAMPLE,True,156,data/acquisition/runs/20260724T193732Z-64b36f38/instruments/eurusd/chart_0064.json,822,False,,True,822,data/acquisition/runs/20260727T070056Z-537c3d90/run_manifest.json,,Saxo provider/source coverage,False,
eurusd,2014-08-31T23:00:00Z,2014-08-31T19:00:00-04:00,2014,8,Sunday,23,19,SAXO_RAW_NO_SAMPLE,True,156,data/acquisition/runs/20260724T193732Z-64b36f38/instruments/eurusd/chart_0064.json,822,False,,True,822,data/acquisition/runs/20260727T070056Z-537c3d90/run_manifest.json,,Saxo provider/source coverage,False,
eurusd,2014-09-30T22:00:00Z,2014-09-30T18:00:00-04:00,2014,9,Tuesday,22,18,SAXO_RAW_NO_SAMPLE,True,156,data/acquisition/runs/20260724T193732Z-64b36f38/instruments/eurusd/chart_0063.json,822,False,,True,822,data/acquisition/runs/20260727T070056Z-537c3d90/run_manifest.json,,Saxo provider/source coverage,False,
eurusd,2014-09-30T23:00:00Z,2014-09-30T19:00:00-04:00,2014,9,Tuesday,23,19,SAXO_RAW_NO_SAMPLE,True,156,data/acquisition/runs/20260724T193732Z-64b36f38/instruments/eurusd/chart_0063.json,822,False,,True,822,data/acquisition/runs/20260727T070056Z-537c3d90/run_manifest.json,,Saxo provider/source coverage,False,
eurusd,2014-11-30T23:00:00Z,2014-11-30T18:00:00-05:00,2014,11,Sunday,23,18,SAXO_RAW_NO_SAMPLE,True,156,data/acquisition/runs/20260724T193732Z-64b36f38/instruments/eurusd/chart_0062.json,822,False,,True,822,data/acquisition/runs/20260727T070056Z-537c3d90/run_manifest.json,,Saxo provider/source coverage,False,
eurusd,2014-12-24T19:00:00Z,2014-12-24T14:00:00-05:00,2014,12,Wednesday,19,14,SAXO_RAW_NO_SAMPLE,False,,,,False,,True,822,data/acquisition/runs/20260727T070056Z-537c3d90/run_manifest.json,,Saxo provider/source coverage,False,
eurusd,2014-12-24T20:00:00Z,2014-12-24T15:00:00-05:00,2014,12,Wednesday,20,15,SAXO_RAW_NO_SAMPLE,False,,,,False,,True,822,data/acquisition/runs/20260727T070056Z-537c3d90/run_manifest.json,,Saxo provider/source coverage,False,
eurusd,2014-12-25T07:00:00Z,2014-12-25T02:00:00-05:00,2014,12,Thursday,7,2,SAXO_RAW_NO_SAMPLE,False,,,,False,,True,822,data/acquisition/runs/20260727T070056Z-537c3d90/run_manifest.json,,Saxo provider/source coverage,False,
eurusd,2014-12-25T08:00:00Z,2014-12-25T03:00:00-05:00,2014,12,Thursday,8,3,SAXO_RAW_NO_SAMPLE,False,,,,False,,True,822,data/acquisition/runs/20260727T070056Z-537c3d90/run_manifest.json,,Saxo provider/source coverage,False,
eurusd,2014-12-25T09:00:00Z,2014-12-25T04:00:00-05:00,2014,12,Thursday,9,4,SAXO_RAW_NO_SAMPLE,False,,,,False,,True,822,data/acquisition/runs/20260727T070056Z-537c3d90/run_manifest.json,,Saxo provider/source coverage,False,
eurusd,2014-12-25T10:00:00Z,2014-12-25T05:00:00-05:00,2014,12,Thursday,10,5,SAXO_RAW_NO_SAMPLE,False,,,,False,,True,822,data/acquisition/runs/20260727T070056Z-537c3d90/run_manifest.json,,Saxo provider/source coverage,False,
eurusd,2014-12-25T11:00:00Z,2014-12-25T06:00:00-05:00,2014,12,Thursday,11,6,SAXO_RAW_NO_SAMPLE,False,,,,False,,True,822,data/acquisition/runs/20260727T070056Z-537c3d90/run_manifest.json,,Saxo provider/source coverage,False,
eurusd,2014-12-25T12:00:00Z,2014-12-25T07:00:00-05:00,2014,12,Thursday,12,7,SAXO_RAW_NO_SAMPLE,False,,,,False,,True,822,data/acquisition/runs/20260727T070056Z-537c3d90/run_manifest.json,,Saxo provider/source coverage,False,
eurusd,2014-12-25T13:00:00Z,2014-12-25T08:00:00-05:00,2014,12,Thursday,13,8,SAXO_RAW_NO_SAMPLE,False,,,,False,,True,822,data/acquisition/runs/20260727T070056Z-537c3d90/run_manifest.json,,Saxo provider/source coverage,False,
eurusd,2014-12-25T14:00:00Z,2014-12-25T09:00:00-05:00,2014,12,Thursday,14,9,SAXO_RAW_NO_SAMPLE,False,,,,False,,True,822,data/acquisition/runs/20260727T070056Z-537c3d90/run_manifest.json,,Saxo provider/source coverage,False,
eurusd,2014-12-25T15:00:00Z,2014-12-25T10:00:00-05:00,2014,12,Thursday,15,10,SAXO_RAW_NO_SAMPLE,False,,,,False,,True,822,data/acquisition/runs/20260727T070056Z-537c3d90/run_manifest.json,,Saxo provider/source coverage,False,
eurusd,2014-12-25T16:00:00Z,2014-12-25T11:00:00-05:00,2014,12,Thursday,16,11,SAXO_RAW_NO_SAMPLE,False,,,,False,,True,822,data/acquisition/runs/20260727T070056Z-537c3d90/run_manifest.json,,Saxo provider/source coverage,False,
eurusd,2014-12-25T17:00:00Z,2014-12-25T12:00:00-05:00,2014,12,Thursday,17,12,SAXO_RAW_NO_SAMPLE,False,,,,False,,True,822,data/acquisition/runs/20260727T070056Z-537c3d90/run_manifest.json,,Saxo provider/source coverage,False,
eurusd,2014-12-25T18:00:00Z,2014-12-25T13:00:00-05:00,2014,12,Thursday,18,13,SAXO_RAW_NO_SAMPLE,False,,,,False,,True,822,data/acquisition/runs/20260727T070056Z-537c3d90/run_manifest.json,,Saxo provider/source coverage,False,
eurusd,2014-12-25T19:00:00Z,2014-12-25T14:00:00-05:00,2014,12,Thursday,19,14,SAXO_RAW_NO_SAMPLE,False,,,,False,,True,822,data/acquisition/runs/20260727T070056Z-537c3d90/run_manifest.json,,Saxo provider/source coverage,False,
eurusd,2014-12-25T20:00:00Z,2014-12-25T15:00:00-05:00,2014,12,Thursday,20,15,SAXO_RAW_NO_SAMPLE,False,,,,False,,True,822,data/acquisition/runs/20260727T070056Z-537c3d90/run_manifest.json,,Saxo provider/source coverage,False,
eurusd,2014-12-31T23:00:00Z,2014-12-31T18:00:00-05:00,2014,12,Wednesday,23,18,SAXO_RAW_NO_SAMPLE,False,,,,False,,True,822,data/acquisition/runs/20260727T070056Z-537c3d90/run_manifest.json,,Saxo provider/source coverage,False,
eurusd,2015-01-01T00:00:00Z,2014-12-31T19:00:00-05:00,2015,1,Thursday,0,19,SAXO_RAW_NO_SAMPLE,False,,,,False,,True,822,data/acquisition/runs/20260727T070056Z-537c3d90/run_manifest.json,,Saxo provider/source coverage,False,
eurusd,2015-01-01T01:00:00Z,2014-12-31T20:00:00-05:00,2015,1,Thursday,1,20,SAXO_RAW_NO_SAMPLE,False,,,,False,,True,822,data/acquisition/runs/20260727T070056Z-537c3d90/run_manifest.json,,Saxo provider/source coverage,False,
eurusd,2015-01-01T02:00:00Z,2014-12-31T21:00:00-05:00,2015,1,Thursday,2,21,SAXO_RAW_NO_SAMPLE,False,,,,False,,True,822,data/acquisition/runs/20260727T070056Z-537c3d90/run_manifest.json,,Saxo provider/source coverage,False,
eurusd,2015-01-01T03:00:00Z,2014-12-31T22:00:00-05:00,2015,1,Thursday,3,22,SAXO_RAW_NO_SAMPLE,False,,,,False,,True,822,data/acquisition/runs/20260727T070056Z-537c3d90/run_manifest.json,,Saxo provider/source coverage,False,
eurusd,2015-01-01T04:00:00Z,2014-12-31T23:00:00-05:00,2015,1,Thursday,4,23,SAXO_RAW_NO_SAMPLE,False,,,,False,,True,822,data/acquisition/runs/20260727T070056Z-537c3d90/run_manifest.json,,Saxo provider/source coverage,False,
eurusd,2015-01-01T05:00:00Z,2015-01-01T00:00:00-05:00,2015,1,Thursday,5,0,SAXO_RAW_NO_SAMPLE,False,,,,False,,True,822,data/acquisition/runs/20260727T070056Z-537c3d90/run_manifest.json,,Saxo provider/source coverage,False,
eurusd,2015-01-01T06:00:00Z,2015-01-01T01:00:00-05:00,2015,1,Thursday,6,1,SAXO_RAW_NO_SAMPLE,False,,,,False,,True,822,data/acquisition/runs/20260727T070056Z-537c3d90/run_manifest.json,,Saxo provider/source coverage,False,
eurusd,2015-01-01T07:00:00Z,2015-01-01T02:00:00-05:00,2015,1,Thursday,7,2,SAXO_RAW_NO_SAMPLE,False,,,,False,,True,822,data/acquisition/runs/20260727T070056Z-537c3d90/run_manifest.json,,Saxo provider/source coverage,False,
eurusd,2015-01-01T08:00:00Z,2015-01-01T03:00:00-05:00,2015,1,Thursday,8,3,SAXO_RAW_NO_SAMPLE,False,,,,False,,True,822,data/acquisition/runs/20260727T070056Z-537c3d90/run_manifest.json,,Saxo provider/source coverage,False,
eurusd,2015-01-01T09:00:00Z,2015-01-01T04:00:00-05:00,2015,1,Thursday,9,4,SAXO_RAW_NO_SAMPLE,False,,,,False,,True,822,data/acquisition/runs/20260727T070056Z-537c3d90/run_manifest.json,,Saxo provider/source coverage,False,
eurusd,2015-01-01T10:00:00Z,2015-01-01T05:00:00-05:00,2015,1,Thursday,10,5,SAXO_RAW_NO_SAMPLE,False,,,,False,,True,822,data/acquisition/runs/20260727T070056Z-537c3d90/run_manifest.json,,Saxo provider/source coverage,False,
eurusd,2015-01-01T11:00:00Z,2015-01-01T06:00:00-05:00,2015,1,Thursday,11,6,SAXO_RAW_NO_SAMPLE,False,,,,False,,True,822,data/acquisition/runs/20260727T070056Z-537c3d90/run_manifest.json,,Saxo provider/source coverage,False,
eurusd,2015-01-01T12:00:00Z,2015-01-01T07:00:00-05:00,2015,1,Thursday,12,7,SAXO_RAW_NO_SAMPLE,False,,,,False,,True,822,data/acquisition/runs/20260727T070056Z-537c3d90/run_manifest.json,,Saxo provider/source coverage,False,
eurusd,2015-01-01T13:00:00Z,2015-01-01T08:00:00-05:00,2015,1,Thursday,13,8,SAXO_RAW_NO_SAMPLE,False,,,,False,,True,822,data/acquisition/runs/20260727T070056Z-537c3d90/run_manifest.json,,Saxo provider/source coverage,False,
eurusd,2015-01-01T14:00:00Z,2015-01-01T09:00:00-05:00,2015,1,Thursday,14,9,SAXO_RAW_NO_SAMPLE,False,,,,False,,True,822,data/acquisition/runs/20260727T070056Z-537c3d90/run_manifest.json,,Saxo provider/source coverage,False,
eurusd,2015-01-01T15:00:00Z,2015-01-01T10:00:00-05:00,2015,1,Thursday,15,10,SAXO_RAW_NO_SAMPLE,False,,,,False,,True,822,data/acquisition/runs/20260727T070056Z-537c3d90/run_manifest.json,,Saxo provider/source coverage,False,
eurusd,2015-01-01T16:00:00Z,2015-01-01T11:00:00-05:00,2015,1,Thursday,16,11,SAXO_RAW_NO_SAMPLE,False,,,,False,,True,822,data/acquisition/runs/20260727T070056Z-537c3d90/run_manifest.json,,Saxo provider/source coverage,False,
eurusd,2015-01-01T17:00:00Z,2015-01-01T12:00:00-05:00,2015,1,Thursday,17,12,SAXO_RAW_NO_SAMPLE,False,,,,False,,True,822,data/acquisition/runs/20260727T070056Z-537c3d90/run_manifest.json,,Saxo provider/source coverage,False,
eurusd,2015-01-01T18:00:00Z,2015-01-01T13:00:00-05:00,2015,1,Thursday,18,13,SAXO_RAW_NO_SAMPLE,False,,,,False,,True,822,data/acquisition/runs/20260727T070056Z-537c3d90/run_manifest.json,,Saxo provider/source coverage,False,
eurusd,2015-01-01T19:00:00Z,2015-01-01T14:00:00-05:00,2015,1,Thursday,19,14,SAXO_RAW_NO_SAMPLE,False,,,,False,,True,822,data/acquisition/runs/20260727T070056Z-537c3d90/run_manifest.json,,Saxo provider/source coverage,False,
eurusd,2015-01-01T20:00:00Z,2015-01-01T15:00:00-05:00,2015,1,Thursday,20,15,SAXO_RAW_NO_SAMPLE,False,,,,False,,True,822,data/acquisition/runs/20260727T070056Z-537c3d90/run_manifest.json,,Saxo provider/source coverage,False,
eurusd,2015-03-31T22:00:00Z,2015-03-31T18:00:00-04:00,2015,3,Tuesday,22,18,SAXO_RAW_NO_SAMPLE,True,156,data/acquisition/runs/20260724T193732Z-64b36f38/instruments/eurusd/chart_0061.json,822,False,,True,822,data/acquisition/runs/20260727T070056Z-537c3d90/run_manifest.json,,Saxo provider/source coverage,False,
eurusd,2015-03-31T23:00:00Z,2015-03-31T19:00:00-04:00,2015,3,Tuesday,23,19,SAXO_RAW_NO_SAMPLE,True,156,data/acquisition/runs/20260724T193732Z-64b36f38/instruments/eurusd/chart_0061.json,822,False,,True,822,data/acquisition/runs/20260727T070056Z-537c3d90/run_manifest.json,,Saxo provider/source coverage,False,
eurusd,2015-04-30T22:00:00Z,2015-04-30T18:00:00-04:00,2015,4,Thursday,22,18,SAXO_RAW_NO_SAMPLE,True,156,data/acquisition/runs/20260724T193732Z-64b36f38/instruments/eurusd/chart_0060.json,822,False,,True,822,data/acquisition/runs/20260727T070056Z-537c3d90/run_manifest.json,,Saxo provider/source coverage,False,
eurusd,2015-04-30T23:00:00Z,2015-04-30T19:00:00-04:00,2015,4,Thursday,23,19,SAXO_RAW_NO_SAMPLE,True,156,data/acquisition/runs/20260724T193732Z-64b36f38/instruments/eurusd/chart_0060.json,822,False,,True,822,data/acquisition/runs/20260727T070056Z-537c3d90/run_manifest.json,,Saxo provider/source coverage,False,
eurusd,2015-05-31T22:00:00Z,2015-05-31T18:00:00-04:00,2015,5,Sunday,22,18,SAXO_RAW_NO_SAMPLE,True,156,data/acquisition/runs/20260724T193732Z-64b36f38/instruments/eurusd/chart_0060.json,822,False,,True,822,data/acquisition/runs/20260727T070056Z-537c3d90/run_manifest.json,,Saxo provider/source coverage,False,
eurusd,2015-05-31T23:00:00Z,2015-05-31T19:00:00-04:00,2015,5,Sunday,23,19,SAXO_RAW_NO_SAMPLE,True,156,data/acquisition/runs/20260724T193732Z-64b36f38/instruments/eurusd/chart_0060.json,822,False,,True,822,data/acquisition/runs/20260727T070056Z-537c3d90/run_manifest.json,,Saxo provider/source coverage,False,
eurusd,2015-06-30T22:00:00Z,2015-06-30T18:00:00-04:00,2015,6,Tuesday,22,18,SAXO_RAW_NO_SAMPLE,True,156,data/acquisition/runs/20260724T193732Z-64b36f38/instruments/eurusd/chart_0059.json,822,False,,True,822,data/acquisition/runs/20260727T070056Z-537c3d90/run_manifest.json,,Saxo provider/source coverage,False,
eurusd,2015-06-30T23:00:00Z,2015-06-30T19:00:00-04:00,2015,6,Tuesday,23,19,SAXO_RAW_NO_SAMPLE,True,156,data/acquisition/runs/20260724T193732Z-64b36f38/instruments/eurusd/chart_0059.json,822,False,,True,822,data/acquisition/runs/20260727T070056Z-537c3d90/run_manifest.json,,Saxo provider/source coverage,False,
eurusd,2015-08-31T22:00:00Z,2015-08-31T18:00:00-04:00,2015,8,Monday,22,18,SAXO_RAW_NO_SAMPLE,True,156,data/acquisition/runs/20260724T193732Z-64b36f38/instruments/eurusd/chart_0059.json,822,False,,True,822,data/acquisition/runs/20260727T070056Z-537c3d90/run_manifest.json,,Saxo provider/source coverage,False,
eurusd,2015-08-31T23:00:00Z,2015-08-31T19:00:00-04:00,2015,8,Monday,23,19,SAXO_RAW_NO_SAMPLE,True,156,data/acquisition/runs/20260724T193732Z-64b36f38/instruments/eurusd/chart_0059.json,822,False,,True,822,data/acquisition/runs/20260727T070056Z-537c3d90/run_manifest.json,,Saxo provider/source coverage,False,
eurusd,2015-09-30T22:00:00Z,2015-09-30T18:00:00-04:00,2015,9,Wednesday,22,18,SAXO_RAW_NO_SAMPLE,True,156,data/acquisition/runs/20260724T193732Z-64b36f38/instruments/eurusd/chart_0058.json,822,False,,True,822,data/acquisition/runs/20260727T070056Z-537c3d90/run_manifest.json,,Saxo provider/source coverage,False,
eurusd,2015-09-30T23:00:00Z,2015-09-30T19:00:00-04:00,2015,9,Wednesday,23,19,SAXO_RAW_NO_SAMPLE,True,156,data/acquisition/runs/20260724T193732Z-64b36f38/instruments/eurusd/chart_0058.json,822,False,,True,822,data/acquisition/runs/20260727T070056Z-537c3d90/run_manifest.json,,Saxo provider/source coverage,False,
eurusd,2015-11-30T23:00:00Z,2015-11-30T18:00:00-05:00,2015,11,Monday,23,18,SAXO_RAW_NO_SAMPLE,True,156,data/acquisition/runs/20260724T193732Z-64b36f38/instruments/eurusd/chart_0057.json,822,False,,True,822,data/acquisition/runs/20260727T070056Z-537c3d90/run_manifest.json,,Saxo provider/source coverage,False,
eurusd,2015-12-18T03:00:00Z,2015-12-17T22:00:00-05:00,2015,12,Friday,3,22,QUARANTINED_VALUE_ANOMALY,False,,,,False,1497846,True,822,data/acquisition/runs/20260727T070056Z-537c3d90/run_manifest.json,,Saxo provider/source coverage,False,
eurusd,2015-12-24T19:00:00Z,2015-12-24T14:00:00-05:00,2015,12,Thursday,19,14,SAXO_RAW_NO_SAMPLE,False,,,,False,,True,822,data/acquisition/runs/20260727T070056Z-537c3d90/run_manifest.json,,Saxo provider/source coverage,False,
eurusd,2015-12-24T20:00:00Z,2015-12-24T15:00:00-05:00,2015,12,Thursday,20,15,SAXO_RAW_NO_SAMPLE,False,,,,False,,True,822,data/acquisition/runs/20260727T070056Z-537c3d90/run_manifest.json,,Saxo provider/source coverage,False,
eurusd,2015-12-25T07:00:00Z,2015-12-25T02:00:00-05:00,2015,12,Friday,7,2,SAXO_RAW_NO_SAMPLE,False,,,,False,,True,822,data/acquisition/runs/20260727T070056Z-537c3d90/run_manifest.json,,Saxo provider/source coverage,False,
eurusd,2015-12-25T08:00:00Z,2015-12-25T03:00:00-05:00,2015,12,Friday,8,3,SAXO_RAW_NO_SAMPLE,False,,,,False,,True,822,data/acquisition/runs/20260727T070056Z-537c3d90/run_manifest.json,,Saxo provider/source coverage,False,
eurusd,2015-12-25T09:00:00Z,2015-12-25T04:00:00-05:00,2015,12,Friday,9,4,SAXO_RAW_NO_SAMPLE,False,,,,False,,True,822,data/acquisition/runs/20260727T070056Z-537c3d90/run_manifest.json,,Saxo provider/source coverage,False,
eurusd,2015-12-25T10:00:00Z,2015-12-25T05:00:00-05:00,2015,12,Friday,10,5,SAXO_RAW_NO_SAMPLE,False,,,,False,,True,822,data/acquisition/runs/20260727T070056Z-537c3d90/run_manifest.json,,Saxo provider/source coverage,False,
eurusd,2015-12-25T11:00:00Z,2015-12-25T06:00:00-05:00,2015,12,Friday,11,6,SAXO_RAW_NO_SAMPLE,False,,,,False,,True,822,data/acquisition/runs/20260727T070056Z-537c3d90/run_manifest.json,,Saxo provider/source coverage,False,
eurusd,2015-12-25T12:00:00Z,2015-12-25T07:00:00-05:00,2015,12,Friday,12,7,SAXO_RAW_NO_SAMPLE,False,,,,False,,True,822,data/acquisition/runs/20260727T070056Z-537c3d90/run_manifest.json,,Saxo provider/source coverage,False,
eurusd,2015-12-25T13:00:00Z,2015-12-25T08:00:00-05:00,2015,12,Friday,13,8,SAXO_RAW_NO_SAMPLE,False,,,,False,,True,822,data/acquisition/runs/20260727T070056Z-537c3d90/run_manifest.json,,Saxo provider/source coverage,False,
eurusd,2015-12-25T14:00:00Z,2015-12-25T09:00:00-05:00,2015,12,Friday,14,9,SAXO_RAW_NO_SAMPLE,False,,,,False,,True,822,data/acquisition/runs/20260727T070056Z-537c3d90/run_manifest.json,,Saxo provider/source coverage,False,
eurusd,2015-12-25T15:00:00Z,2015-12-25T10:00:00-05:00,2015,12,Friday,15,10,SAXO_RAW_NO_SAMPLE,False,,,,False,,True,822,data/acquisition/runs/20260727T070056Z-537c3d90/run_manifest.json,,Saxo provider/source coverage,False,
eurusd,2015-12-25T16:00:00Z,2015-12-25T11:00:00-05:00,2015,12,Friday,16,11,SAXO_RAW_NO_SAMPLE,False,,,,False,,True,822,data/acquisition/runs/20260727T070056Z-537c3d90/run_manifest.json,,Saxo provider/source coverage,False,
eurusd,2015-12-25T17:00:00Z,2015-12-25T12:00:00-05:00,2015,12,Friday,17,12,SAXO_RAW_NO_SAMPLE,False,,,,False,,True,822,data/acquisition/runs/20260727T070056Z-537c3d90/run_manifest.json,,Saxo provider/source coverage,False,
eurusd,2015-12-25T18:00:00Z,2015-12-25T13:00:00-05:00,2015,12,Friday,18,13,SAXO_RAW_NO_SAMPLE,False,,,,False,,True,822,data/acquisition/runs/20260727T070056Z-537c3d90/run_manifest.json,,Saxo provider/source coverage,False,
eurusd,2015-12-25T19:00:00Z,2015-12-25T14:00:00-05:00,2015,12,Friday,19,14,SAXO_RAW_NO_SAMPLE,False,,,,False,,True,822,data/acquisition/runs/20260727T070056Z-537c3d90/run_manifest.json,,Saxo provider/source coverage,False,
eurusd,2015-12-25T20:00:00Z,2015-12-25T15:00:00-05:00,2015,12,Friday,20,15,SAXO_RAW_NO_SAMPLE,False,,,,False,,True,822,data/acquisition/runs/20260727T070056Z-537c3d90/run_manifest.json,,Saxo provider/source coverage,False,
eurusd,2015-12-31T23:00:00Z,2015-12-31T18:00:00-05:00,2015,12,Thursday,23,18,SAXO_RAW_NO_SAMPLE,False,,,,False,,True,822,data/acquisition/runs/20260727T070056Z-537c3d90/run_manifest.json,,Saxo provider/source coverage,False,
eurusd,2016-01-01T00:00:00Z,2015-12-31T19:00:00-05:00,2016,1,Friday,0,19,SAXO_RAW_NO_SAMPLE,False,,,,False,,True,822,data/acquisition/runs/20260727T070056Z-537c3d90/run_manifest.json,,Saxo provider/source coverage,False,
eurusd,2016-01-01T01:00:00Z,2015-12-31T20:00:00-05:00,2016,1,Friday,1,20,SAXO_RAW_NO_SAMPLE,False,,,,False,,True,822,data/acquisition/runs/20260727T070056Z-537c3d90/run_manifest.json,,Saxo provider/source coverage,False,
eurusd,2016-01-01T02:00:00Z,2015-12-31T21:00:00-05:00,2016,1,Friday,2,21,SAXO_RAW_NO_SAMPLE,False,,,,False,,True,822,data/acquisition/runs/20260727T070056Z-537c3d90/run_manifest.json,,Saxo provider/source coverage,False,
eurusd,2016-01-01T03:00:00Z,2015-12-31T22:00:00-05:00,2016,1,Friday,3,22,SAXO_RAW_NO_SAMPLE,False,,,,False,,True,822,data/acquisition/runs/20260727T070056Z-537c3d90/run_manifest.json,,Saxo provider/source coverage,False,
eurusd,2016-01-01T04:00:00Z,2015-12-31T23:00:00-05:00,2016,1,Friday,4,23,SAXO_RAW_NO_SAMPLE,False,,,,False,,True,822,data/acquisition/runs/20260727T070056Z-537c3d90/run_manifest.json,,Saxo provider/source coverage,False,
eurusd,2016-01-01T05:00:00Z,2016-01-01T00:00:00-05:00,2016,1,Friday,5,0,SAXO_RAW_NO_SAMPLE,False,,,,False,,True,822,data/acquisition/runs/20260727T070056Z-537c3d90/run_manifest.json,,Saxo provider/source coverage,False,
eurusd,2016-01-01T06:00:00Z,2016-01-01T01:00:00-05:00,2016,1,Friday,6,1,SAXO_RAW_NO_SAMPLE,False,,,,False,,True,822,data/acquisition/runs/20260727T070056Z-537c3d90/run_manifest.json,,Saxo provider/source coverage,False,
eurusd,2016-01-01T07:00:00Z,2016-01-01T02:00:00-05:00,2016,1,Friday,7,2,SAXO_RAW_NO_SAMPLE,False,,,,False,,True,822,data/acquisition/runs/20260727T070056Z-537c3d90/run_manifest.json,,Saxo provider/source coverage,False,
eurusd,2016-01-01T08:00:00Z,2016-01-01T03:00:00-05:00,2016,1,Friday,8,3,SAXO_RAW_NO_SAMPLE,False,,,,False,,True,822,data/acquisition/runs/20260727T070056Z-537c3d90/run_manifest.json,,Saxo provider/source coverage,False,
eurusd,2016-01-01T09:00:00Z,2016-01-01T04:00:00-05:00,2016,1,Friday,9,4,SAXO_RAW_NO_SAMPLE,False,,,,False,,True,822,data/acquisition/runs/20260727T070056Z-537c3d90/run_manifest.json,,Saxo provider/source coverage,False,
eurusd,2016-01-01T10:00:00Z,2016-01-01T05:00:00-05:00,2016,1,Friday,10,5,SAXO_RAW_NO_SAMPLE,False,,,,False,,True,822,data/acquisition/runs/20260727T070056Z-537c3d90/run_manifest.json,,Saxo provider/source coverage,False,
eurusd,2016-01-01T11:00:00Z,2016-01-01T06:00:00-05:00,2016,1,Friday,11,6,SAXO_RAW_NO_SAMPLE,False,,,,False,,True,822,data/acquisition/runs/20260727T070056Z-537c3d90/run_manifest.json,,Saxo provider/source coverage,False,
eurusd,2016-01-01T12:00:00Z,2016-01-01T07:00:00-05:00,2016,1,Friday,12,7,SAXO_RAW_NO_SAMPLE,False,,,,False,,True,822,data/acquisition/runs/20260727T070056Z-537c3d90/run_manifest.json,,Saxo provider/source coverage,False,
eurusd,2016-01-01T13:00:00Z,2016-01-01T08:00:00-05:00,2016,1,Friday,13,8,SAXO_RAW_NO_SAMPLE,False,,,,False,,True,822,data/acquisition/runs/20260727T070056Z-537c3d90/run_manifest.json,,Saxo provider/source coverage,False,
eurusd,2016-01-01T14:00:00Z,2016-01-01T09:00:00-05:00,2016,1,Friday,14,9,SAXO_RAW_NO_SAMPLE,False,,,,False,,True,822,data/acquisition/runs/20260727T070056Z-537c3d90/run_manifest.json,,Saxo provider/source coverage,False,
eurusd,2016-01-01T15:00:00Z,2016-01-01T10:00:00-05:00,2016,1,Friday,15,10,SAXO_RAW_NO_SAMPLE,False,,,,False,,True,822,data/acquisition/runs/20260727T070056Z-537c3d90/run_manifest.json,,Saxo provider/source coverage,False,
eurusd,2016-01-01T16:00:00Z,2016-01-01T11:00:00-05:00,2016,1,Friday,16,11,SAXO_RAW_NO_SAMPLE,False,,,,False,,True,822,data/acquisition/runs/20260727T070056Z-537c3d90/run_manifest.json,,Saxo provider/source coverage,False,
eurusd,2016-01-01T17:00:00Z,2016-01-01T12:00:00-05:00,2016,1,Friday,17,12,SAXO_RAW_NO_SAMPLE,False,,,,False,,True,822,data/acquisition/runs/20260727T070056Z-537c3d90/run_manifest.json,,Saxo provider/source coverage,False,
eurusd,2016-01-01T18:00:00Z,2016-01-01T13:00:00-05:00,2016,1,Friday,18,13,SAXO_RAW_NO_SAMPLE,False,,,,False,,True,822,data/acquisition/runs/20260727T070056Z-537c3d90/run_manifest.json,,Saxo provider/source coverage,False,
eurusd,2016-01-01T19:00:00Z,2016-01-01T14:00:00-05:00,2016,1,Friday,19,14,SAXO_RAW_NO_SAMPLE,False,,,,False,,True,822,data/acquisition/runs/20260727T070056Z-537c3d90/run_manifest.json,,Saxo provider/source coverage,False,
eurusd,2016-01-01T20:00:00Z,2016-01-01T15:00:00-05:00,2016,1,Friday,20,15,SAXO_RAW_NO_SAMPLE,False,,,,False,,True,822,data/acquisition/runs/20260727T070056Z-537c3d90/run_manifest.json,,Saxo provider/source coverage,False,
eurusd,2016-01-31T23:00:00Z,2016-01-31T18:00:00-05:00,2016,1,Sunday,23,18,SAXO_RAW_NO_SAMPLE,True,156,data/acquisition/runs/20260724T193732Z-64b36f38/instruments/eurusd/chart_0056.json,822,False,,True,822,data/acquisition/runs/20260727T070056Z-537c3d90/run_manifest.json,,Saxo provider/source coverage,False,
eurusd,2016-02-05T13:00:00Z,2016-02-05T08:00:00-05:00,2016,2,Friday,13,8,QUARANTINED_VALUE_ANOMALY,False,,,,False,1497847,True,822,data/acquisition/runs/20260727T070056Z-537c3d90/run_manifest.json,,Saxo provider/source coverage,False,
eurusd,2016-02-29T23:00:00Z,2016-02-29T18:00:00-05:00,2016,2,Monday,23,18,SAXO_RAW_NO_SAMPLE,True,156,data/acquisition/runs/20260724T193732Z-64b36f38/instruments/eurusd/chart_0056.json,822,False,,True,822,data/acquisition/runs/20260727T070056Z-537c3d90/run_manifest.json,,Saxo provider/source coverage,False,
eurusd,2016-03-13T23:00:00Z,2016-03-13T19:00:00-04:00,2016,3,Sunday,23,19,QUARANTINED_VALUE_ANOMALY,True,156,data/acquisition/runs/20260724T193732Z-64b36f38/instruments/eurusd/chart_0056.json,822,False,1497848,True,822,data/acquisition/runs/20260727T070056Z-537c3d90/run_manifest.json,,Saxo provider/source coverage,False,
eurusd,2016-03-31T22:00:00Z,2016-03-31T18:00:00-04:00,2016,3,Thursday,22,18,SAXO_RAW_NO_SAMPLE,True,156,data/acquisition/runs/20260724T193732Z-64b36f38/instruments/eurusd/chart_0055.json,822,False,,True,822,data/acquisition/runs/20260727T070056Z-537c3d90/run_manifest.json,,Saxo provider/source coverage,False,
eurusd,2016-03-31T23:00:00Z,2016-03-31T19:00:00-04:00,2016,3,Thursday,23,19,SAXO_RAW_NO_SAMPLE,True,156,data/acquisition/runs/20260724T193732Z-64b36f38/instruments/eurusd/chart_0055.json,822,False,,True,822,data/acquisition/runs/20260727T070056Z-537c3d90/run_manifest.json,,Saxo provider/source coverage,False,
eurusd,2016-05-31T22:00:00Z,2016-05-31T18:00:00-04:00,2016,5,Tuesday,22,18,SAXO_RAW_NO_SAMPLE,True,156,data/acquisition/runs/20260724T193732Z-64b36f38/instruments/eurusd/chart_0055.json,822,False,,True,822,data/acquisition/runs/20260727T070056Z-537c3d90/run_manifest.json,,Saxo provider/source coverage,False,
eurusd,2016-05-31T23:00:00Z,2016-05-31T19:00:00-04:00,2016,5,Tuesday,23,19,SAXO_RAW_NO_SAMPLE,True,156,data/acquisition/runs/20260724T193732Z-64b36f38/instruments/eurusd/chart_0055.json,822,False,,True,822,data/acquisition/runs/20260727T070056Z-537c3d90/run_manifest.json,,Saxo provider/source coverage,False,
eurusd,2016-06-30T22:00:00Z,2016-06-30T18:00:00-04:00,2016,6,Thursday,22,18,SAXO_RAW_NO_SAMPLE,True,156,data/acquisition/runs/20260724T193732Z-64b36f38/instruments/eurusd/chart_0054.json,822,False,,True,822,data/acquisition/runs/20260727T070056Z-537c3d90/run_manifest.json,,Saxo provider/source coverage,False,
eurusd,2016-06-30T23:00:00Z,2016-06-30T19:00:00-04:00,2016,6,Thursday,23,19,SAXO_RAW_NO_SAMPLE,True,156,data/acquisition/runs/20260724T193732Z-64b36f38/instruments/eurusd/chart_0054.json,822,False,,True,822,data/acquisition/runs/20260727T070056Z-537c3d90/run_manifest.json,,Saxo provider/source coverage,False,
eurusd,2016-07-31T22:00:00Z,2016-07-31T18:00:00-04:00,2016,7,Sunday,22,18,SAXO_RAW_NO_SAMPLE,True,156,data/acquisition/runs/20260724T193732Z-64b36f38/instruments/eurusd/chart_0054.json,822,False,,True,822,data/acquisition/runs/20260727T070056Z-537c3d90/run_manifest.json,,Saxo provider/source coverage,False,
eurusd,2016-07-31T23:00:00Z,2016-07-31T19:00:00-04:00,2016,7,Sunday,23,19,SAXO_RAW_NO_SAMPLE,True,156,data/acquisition/runs/20260724T193732Z-64b36f38/instruments/eurusd/chart_0054.json,822,False,,True,822,data/acquisition/runs/20260727T070056Z-537c3d90/run_manifest.json,,Saxo provider/source coverage,False,
eurusd,2016-08-29T07:00:00Z,2016-08-29T03:00:00-04:00,2016,8,Monday,7,3,QUARANTINED_VALUE_ANOMALY,False,,,,False,1497850,True,822,data/acquisition/runs/20260727T070056Z-537c3d90/run_manifest.json,,Saxo provider/source coverage,False,
eurusd,2016-08-31T22:00:00Z,2016-08-31T18:00:00-04:00,2016,8,Wednesday,22,18,SAXO_RAW_NO_SAMPLE,True,156,data/acquisition/runs/20260724T193732Z-64b36f38/instruments/eurusd/chart_0053.json,822,False,,True,822,data/acquisition/runs/20260727T070056Z-537c3d90/run_manifest.json,,Saxo provider/source coverage,False,
eurusd,2016-08-31T23:00:00Z,2016-08-31T19:00:00-04:00,2016,8,Wednesday,23,19,SAXO_RAW_NO_SAMPLE,True,156,data/acquisition/runs/20260724T193732Z-64b36f38/instruments/eurusd/chart_0053.json,822,False,,True,822,data/acquisition/runs/20260727T070056Z-537c3d90/run_manifest.json,,Saxo provider/source coverage,False,
eurusd,2016-09-25T23:00:00Z,2016-09-25T19:00:00-04:00,2016,9,Sunday,23,19,SAXO_RAW_NO_SAMPLE,False,,,,False,,True,822,data/acquisition/runs/20260727T070056Z-537c3d90/run_manifest.json,,Saxo provider/source coverage,False,
eurusd,2016-10-31T22:00:00Z,2016-10-31T18:00:00-04:00,2016,10,Monday,22,18,SAXO_RAW_NO_SAMPLE,True,156,data/acquisition/runs/20260724T193732Z-64b36f38/instruments/eurusd/chart_0052.json,822,False,,True,822,data/acquisition/runs/20260727T070056Z-537c3d90/run_manifest.json,,Saxo provider/source coverage,False,
eurusd,2016-10-31T23:00:00Z,2016-10-31T19:00:00-04:00,2016,10,Monday,23,19,SAXO_RAW_NO_SAMPLE,True,156,data/acquisition/runs/20260724T193732Z-64b36f38/instruments/eurusd/chart_0052.json,822,False,,True,822,data/acquisition/runs/20260727T070056Z-537c3d90/run_manifest.json,,Saxo provider/source coverage,False,
eurusd,2016-11-30T23:00:00Z,2016-11-30T18:00:00-05:00,2016,11,Wednesday,23,18,SAXO_RAW_NO_SAMPLE,True,156,data/acquisition/runs/20260724T193732Z-64b36f38/instruments/eurusd/chart_0052.json,822,False,,True,822,data/acquisition/runs/20260727T070056Z-537c3d90/run_manifest.json,,Saxo provider/source coverage,False,
eurusd,2016-12-26T07:00:00Z,2016-12-26T02:00:00-05:00,2016,12,Monday,7,2,SAXO_RAW_NO_SAMPLE,False,,,,False,,True,822,data/acquisition/runs/20260727T070056Z-537c3d90/run_manifest.json,,Saxo provider/source coverage,False,
eurusd,2016-12-26T08:00:00Z,2016-12-26T03:00:00-05:00,2016,12,Monday,8,3,SAXO_RAW_NO_SAMPLE,False,,,,False,,True,822,data/acquisition/runs/20260727T070056Z-537c3d90/run_manifest.json,,Saxo provider/source coverage,False,
eurusd,2016-12-26T09:00:00Z,2016-12-26T04:00:00-05:00,2016,12,Monday,9,4,SAXO_RAW_NO_SAMPLE,False,,,,False,,True,822,data/acquisition/runs/20260727T070056Z-537c3d90/run_manifest.json,,Saxo provider/source coverage,False,
eurusd,2016-12-26T10:00:00Z,2016-12-26T05:00:00-05:00,2016,12,Monday,10,5,SAXO_RAW_NO_SAMPLE,False,,,,False,,True,822,data/acquisition/runs/20260727T070056Z-537c3d90/run_manifest.json,,Saxo provider/source coverage,False,
eurusd,2016-12-26T11:00:00Z,2016-12-26T06:00:00-05:00,2016,12,Monday,11,6,SAXO_RAW_NO_SAMPLE,False,,,,False,,True,822,data/acquisition/runs/20260727T070056Z-537c3d90/run_manifest.json,,Saxo provider/source coverage,False,
eurusd,2016-12-26T12:00:00Z,2016-12-26T07:00:00-05:00,2016,12,Monday,12,7,SAXO_RAW_NO_SAMPLE,False,,,,False,,True,822,data/acquisition/runs/20260727T070056Z-537c3d90/run_manifest.json,,Saxo provider/source coverage,False,
eurusd,2016-12-26T13:00:00Z,2016-12-26T08:00:00-05:00,2016,12,Monday,13,8,SAXO_RAW_NO_SAMPLE,False,,,,False,,True,822,data/acquisition/runs/20260727T070056Z-537c3d90/run_manifest.json,,Saxo provider/source coverage,False,
eurusd,2016-12-26T14:00:00Z,2016-12-26T09:00:00-05:00,2016,12,Monday,14,9,SAXO_RAW_NO_SAMPLE,False,,,,False,,True,822,data/acquisition/runs/20260727T070056Z-537c3d90/run_manifest.json,,Saxo provider/source coverage,False,
eurusd,2016-12-26T15:00:00Z,2016-12-26T10:00:00-05:00,2016,12,Monday,15,10,SAXO_RAW_NO_SAMPLE,False,,,,False,,True,822,data/acquisition/runs/20260727T070056Z-537c3d90/run_manifest.json,,Saxo provider/source coverage,False,
eurusd,2016-12-26T16:00:00Z,2016-12-26T11:00:00-05:00,2016,12,Monday,16,11,SAXO_RAW_NO_SAMPLE,False,,,,False,,True,822,data/acquisition/runs/20260727T070056Z-537c3d90/run_manifest.json,,Saxo provider/source coverage,False,
eurusd,2016-12-26T17:00:00Z,2016-12-26T12:00:00-05:00,2016,12,Monday,17,12,SAXO_RAW_NO_SAMPLE,False,,,,False,,True,822,data/acquisition/runs/20260727T070056Z-537c3d90/run_manifest.json,,Saxo provider/source coverage,False,
eurusd,2017-01-01T23:00:00Z,2017-01-01T18:00:00-05:00,2017,1,Sunday,23,18,SAXO_RAW_NO_SAMPLE,False,,,,False,,True,822,data/acquisition/runs/20260727T070056Z-537c3d90/run_manifest.json,,Saxo provider/source coverage,False,
eurusd,2017-01-02T00:00:00Z,2017-01-01T19:00:00-05:00,2017,1,Monday,0,19,SAXO_RAW_NO_SAMPLE,False,,,,False,,True,822,data/acquisition/runs/20260727T070056Z-537c3d90/run_manifest.json,,Saxo provider/source coverage,False,
eurusd,2017-01-02T01:00:00Z,2017-01-01T20:00:00-05:00,2017,1,Monday,1,20,SAXO_RAW_NO_SAMPLE,False,,,,False,,True,822,data/acquisition/runs/20260727T070056Z-537c3d90/run_manifest.json,,Saxo provider/source coverage,False,
eurusd,2017-01-02T02:00:00Z,2017-01-01T21:00:00-05:00,2017,1,Monday,2,21,SAXO_RAW_NO_SAMPLE,False,,,,False,,True,822,data/acquisition/runs/20260727T070056Z-537c3d90/run_manifest.json,,Saxo provider/source coverage,False,
eurusd,2017-01-02T03:00:00Z,2017-01-01T22:00:00-05:00,2017,1,Monday,3,22,SAXO_RAW_NO_SAMPLE,False,,,,False,,True,822,data/acquisition/runs/20260727T070056Z-537c3d90/run_manifest.json,,Saxo provider/source coverage,False,
eurusd,2017-01-02T04:00:00Z,2017-01-01T23:00:00-05:00,2017,1,Monday,4,23,SAXO_RAW_NO_SAMPLE,False,,,,False,,True,822,data/acquisition/runs/20260727T070056Z-537c3d90/run_manifest.json,,Saxo provider/source coverage,False,
eurusd,2017-01-02T05:00:00Z,2017-01-02T00:00:00-05:00,2017,1,Monday,5,0,SAXO_RAW_NO_SAMPLE,False,,,,False,,True,822,data/acquisition/runs/20260727T070056Z-537c3d90/run_manifest.json,,Saxo provider/source coverage,False,
eurusd,2017-01-02T06:00:00Z,2017-01-02T01:00:00-05:00,2017,1,Monday,6,1,SAXO_RAW_NO_SAMPLE,False,,,,False,,True,822,data/acquisition/runs/20260727T070056Z-537c3d90/run_manifest.json,,Saxo provider/source coverage,False,
eurusd,2017-01-31T23:00:00Z,2017-01-31T18:00:00-05:00,2017,1,Tuesday,23,18,SAXO_RAW_NO_SAMPLE,True,156,data/acquisition/runs/20260724T193732Z-64b36f38/instruments/eurusd/chart_0051.json,822,False,,True,822,data/acquisition/runs/20260727T070056Z-537c3d90/run_manifest.json,,Saxo provider/source coverage,False,
eurusd,2017-02-28T23:00:00Z,2017-02-28T18:00:00-05:00,2017,2,Tuesday,23,18,SAXO_RAW_NO_SAMPLE,True,156,data/acquisition/runs/20260724T193732Z-64b36f38/instruments/eurusd/chart_0051.json,822,False,,True,822,data/acquisition/runs/20260727T070056Z-537c3d90/run_manifest.json,,Saxo provider/source coverage,False,
eurusd,2017-04-30T22:00:00Z,2017-04-30T18:00:00-04:00,2017,4,Sunday,22,18,SAXO_RAW_NO_SAMPLE,True,156,data/acquisition/runs/20260724T193732Z-64b36f38/instruments/eurusd/chart_0050.json,822,False,,True,822,data/acquisition/runs/20260727T070056Z-537c3d90/run_manifest.json,,Saxo provider/source coverage,False,
eurusd,2017-04-30T23:00:00Z,2017-04-30T19:00:00-04:00,2017,4,Sunday,23,19,SAXO_RAW_NO_SAMPLE,True,156,data/acquisition/runs/20260724T193732Z-64b36f38/instruments/eurusd/chart_0050.json,822,False,,True,822,data/acquisition/runs/20260727T070056Z-537c3d90/run_manifest.json,,Saxo provider/source coverage,False,
eurusd,2017-05-31T22:00:00Z,2017-05-31T18:00:00-04:00,2017,5,Wednesday,22,18,SAXO_RAW_NO_SAMPLE,True,156,data/acquisition/runs/20260724T193732Z-64b36f38/instruments/eurusd/chart_0049.json,822,False,,True,822,data/acquisition/runs/20260727T070056Z-537c3d90/run_manifest.json,,Saxo provider/source coverage,False,
eurusd,2017-05-31T23:00:00Z,2017-05-31T19:00:00-04:00,2017,5,Wednesday,23,19,SAXO_RAW_NO_SAMPLE,True,156,data/acquisition/runs/20260724T193732Z-64b36f38/instruments/eurusd/chart_0049.json,822,False,,True,822,data/acquisition/runs/20260727T070056Z-537c3d90/run_manifest.json,,Saxo provider/source coverage,False,
eurusd,2017-07-31T22:00:00Z,2017-07-31T18:00:00-04:00,2017,7,Monday,22,18,SAXO_RAW_NO_SAMPLE,True,156,data/acquisition/runs/20260724T193732Z-64b36f38/instruments/eurusd/chart_0048.json,822,False,,True,822,data/acquisition/runs/20260727T070056Z-537c3d90/run_manifest.json,,Saxo provider/source coverage,False,
eurusd,2017-07-31T23:00:00Z,2017-07-31T19:00:00-04:00,2017,7,Monday,23,19,SAXO_RAW_NO_SAMPLE,True,156,data/acquisition/runs/20260724T193732Z-64b36f38/instruments/eurusd/chart_0048.json,822,False,,True,822,data/acquisition/runs/20260727T070056Z-537c3d90/run_manifest.json,,Saxo provider/source coverage,False,
eurusd,2017-08-31T22:00:00Z,2017-08-31T18:00:00-04:00,2017,8,Thursday,22,18,SAXO_RAW_NO_SAMPLE,True,156,data/acquisition/runs/20260724T193732Z-64b36f38/instruments/eurusd/chart_0048.json,822,False,,True,822,data/acquisition/runs/20260727T070056Z-537c3d90/run_manifest.json,,Saxo provider/source coverage,False,
eurusd,2017-08-31T23:00:00Z,2017-08-31T19:00:00-04:00,2017,8,Thursday,23,19,SAXO_RAW_NO_SAMPLE,True,156,data/acquisition/runs/20260724T193732Z-64b36f38/instruments/eurusd/chart_0048.json,822,False,,True,822,data/acquisition/runs/20260727T070056Z-537c3d90/run_manifest.json,,Saxo provider/source coverage,False,
eurusd,2017-10-31T22:00:00Z,2017-10-31T18:00:00-04:00,2017,10,Tuesday,22,18,SAXO_RAW_NO_SAMPLE,True,156,data/acquisition/runs/20260724T193732Z-64b36f38/instruments/eurusd/chart_0047.json,822,False,,True,822,data/acquisition/runs/20260727T070056Z-537c3d90/run_manifest.json,,Saxo provider/source coverage,False,
eurusd,2017-10-31T23:00:00Z,2017-10-31T19:00:00-04:00,2017,10,Tuesday,23,19,SAXO_RAW_NO_SAMPLE,True,156,data/acquisition/runs/20260724T193732Z-64b36f38/instruments/eurusd/chart_0047.json,822,False,,True,822,data/acquisition/runs/20260727T070056Z-537c3d90/run_manifest.json,,Saxo provider/source coverage,False,
eurusd,2017-11-30T23:00:00Z,2017-11-30T18:00:00-05:00,2017,11,Thursday,23,18,SAXO_RAW_NO_SAMPLE,True,156,data/acquisition/runs/20260724T193732Z-64b36f38/instruments/eurusd/chart_0047.json,822,False,,True,822,data/acquisition/runs/20260727T070056Z-537c3d90/run_manifest.json,,Saxo provider/source coverage,False,
eurusd,2017-12-25T08:00:00Z,2017-12-25T03:00:00-05:00,2017,12,Monday,8,3,SAXO_RAW_NO_SAMPLE,False,,,,False,,True,822,data/acquisition/runs/20260727T070056Z-537c3d90/run_manifest.json,,Saxo provider/source coverage,False,
eurusd,2017-12-25T09:00:00Z,2017-12-25T04:00:00-05:00,2017,12,Monday,9,4,SAXO_RAW_NO_SAMPLE,False,,,,False,,True,822,data/acquisition/runs/20260727T070056Z-537c3d90/run_manifest.json,,Saxo provider/source coverage,False,
eurusd,2017-12-25T10:00:00Z,2017-12-25T05:00:00-05:00,2017,12,Monday,10,5,SAXO_RAW_NO_SAMPLE,False,,,,False,,True,822,data/acquisition/runs/20260727T070056Z-537c3d90/run_manifest.json,,Saxo provider/source coverage,False,
eurusd,2017-12-25T11:00:00Z,2017-12-25T06:00:00-05:00,2017,12,Monday,11,6,SAXO_RAW_NO_SAMPLE,False,,,,False,,True,822,data/acquisition/runs/20260727T070056Z-537c3d90/run_manifest.json,,Saxo provider/source coverage,False,
eurusd,2017-12-25T12:00:00Z,2017-12-25T07:00:00-05:00,2017,12,Monday,12,7,SAXO_RAW_NO_SAMPLE,False,,,,False,,True,822,data/acquisition/runs/20260727T070056Z-537c3d90/run_manifest.json,,Saxo provider/source coverage,False,
eurusd,2017-12-25T13:00:00Z,2017-12-25T08:00:00-05:00,2017,12,Monday,13,8,SAXO_RAW_NO_SAMPLE,False,,,,False,,True,822,data/acquisition/runs/20260727T070056Z-537c3d90/run_manifest.json,,Saxo provider/source coverage,False,
eurusd,2017-12-25T14:00:00Z,2017-12-25T09:00:00-05:00,2017,12,Monday,14,9,SAXO_RAW_NO_SAMPLE,False,,,,False,,True,822,data/acquisition/runs/20260727T070056Z-537c3d90/run_manifest.json,,Saxo provider/source coverage,False,
eurusd,2017-12-25T15:00:00Z,2017-12-25T10:00:00-05:00,2017,12,Monday,15,10,SAXO_RAW_NO_SAMPLE,False,,,,False,,True,822,data/acquisition/runs/20260727T070056Z-537c3d90/run_manifest.json,,Saxo provider/source coverage,False,
eurusd,2017-12-25T16:00:00Z,2017-12-25T11:00:00-05:00,2017,12,Monday,16,11,SAXO_RAW_NO_SAMPLE,False,,,,False,,True,822,data/acquisition/runs/20260727T070056Z-537c3d90/run_manifest.json,,Saxo provider/source coverage,False,
eurusd,2017-12-25T17:00:00Z,2017-12-25T12:00:00-05:00,2017,12,Monday,17,12,SAXO_RAW_NO_SAMPLE,False,,,,False,,True,822,data/acquisition/runs/20260727T070056Z-537c3d90/run_manifest.json,,Saxo provider/source coverage,False,
eurusd,2017-12-31T23:00:00Z,2017-12-31T18:00:00-05:00,2017,12,Sunday,23,18,SAXO_RAW_NO_SAMPLE,False,,,,False,,True,822,data/acquisition/runs/20260727T070056Z-537c3d90/run_manifest.json,,Saxo provider/source coverage,False,
eurusd,2018-01-01T00:00:00Z,2017-12-31T19:00:00-05:00,2018,1,Monday,0,19,SAXO_RAW_NO_SAMPLE,False,,,,False,,True,822,data/acquisition/runs/20260727T070056Z-537c3d90/run_manifest.json,,Saxo provider/source coverage,False,
eurusd,2018-01-01T01:00:00Z,2017-12-31T20:00:00-05:00,2018,1,Monday,1,20,SAXO_RAW_NO_SAMPLE,False,,,,False,,True,822,data/acquisition/runs/20260727T070056Z-537c3d90/run_manifest.json,,Saxo provider/source coverage,False,
eurusd,2018-01-01T02:00:00Z,2017-12-31T21:00:00-05:00,2018,1,Monday,2,21,SAXO_RAW_NO_SAMPLE,False,,,,False,,True,822,data/acquisition/runs/20260727T070056Z-537c3d90/run_manifest.json,,Saxo provider/source coverage,False,
eurusd,2018-01-01T03:00:00Z,2017-12-31T22:00:00-05:00,2018,1,Monday,3,22,SAXO_RAW_NO_SAMPLE,False,,,,False,,True,822,data/acquisition/runs/20260727T070056Z-537c3d90/run_manifest.json,,Saxo provider/source coverage,False,
eurusd,2018-01-01T04:00:00Z,2017-12-31T23:00:00-05:00,2018,1,Monday,4,23,SAXO_RAW_NO_SAMPLE,False,,,,False,,True,822,data/acquisition/runs/20260727T070056Z-537c3d90/run_manifest.json,,Saxo provider/source coverage,False,
eurusd,2018-01-01T05:00:00Z,2018-01-01T00:00:00-05:00,2018,1,Monday,5,0,SAXO_RAW_NO_SAMPLE,False,,,,False,,True,822,data/acquisition/runs/20260727T070056Z-537c3d90/run_manifest.json,,Saxo provider/source coverage,False,
eurusd,2018-01-01T06:00:00Z,2018-01-01T01:00:00-05:00,2018,1,Monday,6,1,SAXO_RAW_NO_SAMPLE,False,,,,False,,True,822,data/acquisition/runs/20260727T070056Z-537c3d90/run_manifest.json,,Saxo provider/source coverage,False,
eurusd,2018-01-01T07:00:00Z,2018-01-01T02:00:00-05:00,2018,1,Monday,7,2,SAXO_RAW_NO_SAMPLE,False,,,,False,,True,822,data/acquisition/runs/20260727T070056Z-537c3d90/run_manifest.json,,Saxo provider/source coverage,False,
eurusd,2018-01-01T08:00:00Z,2018-01-01T03:00:00-05:00,2018,1,Monday,8,3,SAXO_RAW_NO_SAMPLE,False,,,,False,,True,822,data/acquisition/runs/20260727T070056Z-537c3d90/run_manifest.json,,Saxo provider/source coverage,False,
eurusd,2018-01-01T09:00:00Z,2018-01-01T04:00:00-05:00,2018,1,Monday,9,4,SAXO_RAW_NO_SAMPLE,False,,,,False,,True,822,data/acquisition/runs/20260727T070056Z-537c3d90/run_manifest.json,,Saxo provider/source coverage,False,
eurusd,2018-01-01T10:00:00Z,2018-01-01T05:00:00-05:00,2018,1,Monday,10,5,SAXO_RAW_NO_SAMPLE,False,,,,False,,True,822,data/acquisition/runs/20260727T070056Z-537c3d90/run_manifest.json,,Saxo provider/source coverage,False,
eurusd,2018-01-01T11:00:00Z,2018-01-01T06:00:00-05:00,2018,1,Monday,11,6,SAXO_RAW_NO_SAMPLE,False,,,,False,,True,822,data/acquisition/runs/20260727T070056Z-537c3d90/run_manifest.json,,Saxo provider/source coverage,False,
eurusd,2018-01-01T12:00:00Z,2018-01-01T07:00:00-05:00,2018,1,Monday,12,7,SAXO_RAW_NO_SAMPLE,False,,,,False,,True,822,data/acquisition/runs/20260727T070056Z-537c3d90/run_manifest.json,,Saxo provider/source coverage,False,
eurusd,2018-01-01T13:00:00Z,2018-01-01T08:00:00-05:00,2018,1,Monday,13,8,SAXO_RAW_NO_SAMPLE,False,,,,False,,True,822,data/acquisition/runs/20260727T070056Z-537c3d90/run_manifest.json,,Saxo provider/source coverage,False,
eurusd,2018-01-01T14:00:00Z,2018-01-01T09:00:00-05:00,2018,1,Monday,14,9,SAXO_RAW_NO_SAMPLE,False,,,,False,,True,822,data/acquisition/runs/20260727T070056Z-537c3d90/run_manifest.json,,Saxo provider/source coverage,False,
eurusd,2018-01-01T15:00:00Z,2018-01-01T10:00:00-05:00,2018,1,Monday,15,10,SAXO_RAW_NO_SAMPLE,False,,,,False,,True,822,data/acquisition/runs/20260727T070056Z-537c3d90/run_manifest.json,,Saxo provider/source coverage,False,
eurusd,2018-01-01T16:00:00Z,2018-01-01T11:00:00-05:00,2018,1,Monday,16,11,SAXO_RAW_NO_SAMPLE,False,,,,False,,True,822,data/acquisition/runs/20260727T070056Z-537c3d90/run_manifest.json,,Saxo provider/source coverage,False,
eurusd,2018-01-01T17:00:00Z,2018-01-01T12:00:00-05:00,2018,1,Monday,17,12,SAXO_RAW_NO_SAMPLE,False,,,,False,,True,822,data/acquisition/runs/20260727T070056Z-537c3d90/run_manifest.json,,Saxo provider/source coverage,False,
eurusd,2018-01-31T23:00:00Z,2018-01-31T18:00:00-05:00,2018,1,Wednesday,23,18,SAXO_RAW_NO_SAMPLE,True,156,data/acquisition/runs/20260724T193732Z-64b36f38/instruments/eurusd/chart_0046.json,822,False,,True,822,data/acquisition/runs/20260727T070056Z-537c3d90/run_manifest.json,,Saxo provider/source coverage,False,
eurusd,2018-02-28T23:00:00Z,2018-02-28T18:00:00-05:00,2018,2,Wednesday,23,18,SAXO_RAW_NO_SAMPLE,True,156,data/acquisition/runs/20260724T193732Z-64b36f38/instruments/eurusd/chart_0045.json,822,False,,True,822,data/acquisition/runs/20260727T070056Z-537c3d90/run_manifest.json,,Saxo provider/source coverage,False,
eurusd,2018-04-30T22:00:00Z,2018-04-30T18:00:00-04:00,2018,4,Monday,22,18,SAXO_RAW_NO_SAMPLE,True,156,data/acquisition/runs/20260724T193732Z-64b36f38/instruments/eurusd/chart_0044.json,822,False,,True,822,data/acquisition/runs/20260727T070056Z-537c3d90/run_manifest.json,,Saxo provider/source coverage,False,
eurusd,2018-04-30T23:00:00Z,2018-04-30T19:00:00-04:00,2018,4,Monday,23,19,SAXO_RAW_NO_SAMPLE,True,156,data/acquisition/runs/20260724T193732Z-64b36f38/instruments/eurusd/chart_0044.json,822,False,,True,822,data/acquisition/runs/20260727T070056Z-537c3d90/run_manifest.json,,Saxo provider/source coverage,False,
eurusd,2018-05-31T22:00:00Z,2018-05-31T18:00:00-04:00,2018,5,Thursday,22,18,SAXO_RAW_NO_SAMPLE,True,156,data/acquisition/runs/20260724T193732Z-64b36f38/instruments/eurusd/chart_0044.json,822,False,,True,822,data/acquisition/runs/20260727T070056Z-537c3d90/run_manifest.json,,Saxo provider/source coverage,False,
eurusd,2018-05-31T23:00:00Z,2018-05-31T19:00:00-04:00,2018,5,Thursday,23,19,SAXO_RAW_NO_SAMPLE,True,156,data/acquisition/runs/20260724T193732Z-64b36f38/instruments/eurusd/chart_0044.json,822,False,,True,822,data/acquisition/runs/20260727T070056Z-537c3d90/run_manifest.json,,Saxo provider/source coverage,False,
eurusd,2018-07-31T22:00:00Z,2018-07-31T18:00:00-04:00,2018,7,Tuesday,22,18,SAXO_RAW_NO_SAMPLE,True,156,data/acquisition/runs/20260724T193732Z-64b36f38/instruments/eurusd/chart_0043.json,822,False,,True,822,data/acquisition/runs/20260727T070056Z-537c3d90/run_manifest.json,,Saxo provider/source coverage,False,
eurusd,2018-07-31T23:00:00Z,2018-07-31T19:00:00-04:00,2018,7,Tuesday,23,19,SAXO_RAW_NO_SAMPLE,True,156,data/acquisition/runs/20260724T193732Z-64b36f38/instruments/eurusd/chart_0043.json,822,False,,True,822,data/acquisition/runs/20260727T070056Z-537c3d90/run_manifest.json,,Saxo provider/source coverage,False,
eurusd,2018-09-30T22:00:00Z,2018-09-30T18:00:00-04:00,2018,9,Sunday,22,18,SAXO_RAW_NO_SAMPLE,True,156,data/acquisition/runs/20260724T193732Z-64b36f38/instruments/eurusd/chart_0042.json,822,False,,True,822,data/acquisition/runs/20260727T070056Z-537c3d90/run_manifest.json,,Saxo provider/source coverage,False,
eurusd,2018-09-30T23:00:00Z,2018-09-30T19:00:00-04:00,2018,9,Sunday,23,19,SAXO_RAW_NO_SAMPLE,True,156,data/acquisition/runs/20260724T193732Z-64b36f38/instruments/eurusd/chart_0042.json,822,False,,True,822,data/acquisition/runs/20260727T070056Z-537c3d90/run_manifest.json,,Saxo provider/source coverage,False,
eurusd,2018-10-31T22:00:00Z,2018-10-31T18:00:00-04:00,2018,10,Wednesday,22,18,SAXO_RAW_NO_SAMPLE,True,156,data/acquisition/runs/20260724T193732Z-64b36f38/instruments/eurusd/chart_0042.json,822,False,,True,822,data/acquisition/runs/20260727T070056Z-537c3d90/run_manifest.json,,Saxo provider/source coverage,False,
eurusd,2018-10-31T23:00:00Z,2018-10-31T19:00:00-04:00,2018,10,Wednesday,23,19,SAXO_RAW_NO_SAMPLE,True,156,data/acquisition/runs/20260724T193732Z-64b36f38/instruments/eurusd/chart_0042.json,822,False,,True,822,data/acquisition/runs/20260727T070056Z-537c3d90/run_manifest.json,,Saxo provider/source coverage,False,
eurusd,2018-12-25T07:00:00Z,2018-12-25T02:00:00-05:00,2018,12,Tuesday,7,2,SAXO_RAW_NO_SAMPLE,False,,,,False,,True,822,data/acquisition/runs/20260727T070056Z-537c3d90/run_manifest.json,,Saxo provider/source coverage,False,
eurusd,2018-12-25T08:00:00Z,2018-12-25T03:00:00-05:00,2018,12,Tuesday,8,3,SAXO_RAW_NO_SAMPLE,False,,,,False,,True,822,data/acquisition/runs/20260727T070056Z-537c3d90/run_manifest.json,,Saxo provider/source coverage,False,
eurusd,2018-12-25T09:00:00Z,2018-12-25T04:00:00-05:00,2018,12,Tuesday,9,4,SAXO_RAW_NO_SAMPLE,False,,,,False,,True,822,data/acquisition/runs/20260727T070056Z-537c3d90/run_manifest.json,,Saxo provider/source coverage,False,
eurusd,2018-12-25T10:00:00Z,2018-12-25T05:00:00-05:00,2018,12,Tuesday,10,5,SAXO_RAW_NO_SAMPLE,False,,,,False,,True,822,data/acquisition/runs/20260727T070056Z-537c3d90/run_manifest.json,,Saxo provider/source coverage,False,
eurusd,2018-12-25T11:00:00Z,2018-12-25T06:00:00-05:00,2018,12,Tuesday,11,6,SAXO_RAW_NO_SAMPLE,False,,,,False,,True,822,data/acquisition/runs/20260727T070056Z-537c3d90/run_manifest.json,,Saxo provider/source coverage,False,
eurusd,2018-12-25T12:00:00Z,2018-12-25T07:00:00-05:00,2018,12,Tuesday,12,7,SAXO_RAW_NO_SAMPLE,False,,,,False,,True,822,data/acquisition/runs/20260727T070056Z-537c3d90/run_manifest.json,,Saxo provider/source coverage,False,
eurusd,2018-12-25T13:00:00Z,2018-12-25T08:00:00-05:00,2018,12,Tuesday,13,8,SAXO_RAW_NO_SAMPLE,False,,,,False,,True,822,data/acquisition/runs/20260727T070056Z-537c3d90/run_manifest.json,,Saxo provider/source coverage,False,
eurusd,2018-12-25T14:00:00Z,2018-12-25T09:00:00-05:00,2018,12,Tuesday,14,9,SAXO_RAW_NO_SAMPLE,False,,,,False,,True,822,data/acquisition/runs/20260727T070056Z-537c3d90/run_manifest.json,,Saxo provider/source coverage,False,
eurusd,2018-12-25T15:00:00Z,2018-12-25T10:00:00-05:00,2018,12,Tuesday,15,10,SAXO_RAW_NO_SAMPLE,False,,,,False,,True,822,data/acquisition/runs/20260727T070056Z-537c3d90/run_manifest.json,,Saxo provider/source coverage,False,
eurusd,2018-12-25T16:00:00Z,2018-12-25T11:00:00-05:00,2018,12,Tuesday,16,11,SAXO_RAW_NO_SAMPLE,False,,,,False,,True,822,data/acquisition/runs/20260727T070056Z-537c3d90/run_manifest.json,,Saxo provider/source coverage,False,
eurusd,2018-12-25T17:00:00Z,2018-12-25T12:00:00-05:00,2018,12,Tuesday,17,12,SAXO_RAW_NO_SAMPLE,False,,,,False,,True,822,data/acquisition/runs/20260727T070056Z-537c3d90/run_manifest.json,,Saxo provider/source coverage,False,
eurusd,2018-12-25T18:00:00Z,2018-12-25T13:00:00-05:00,2018,12,Tuesday,18,13,SAXO_RAW_NO_SAMPLE,False,,,,False,,True,822,data/acquisition/runs/20260727T070056Z-537c3d90/run_manifest.json,,Saxo provider/source coverage,False,
eurusd,2018-12-25T19:00:00Z,2018-12-25T14:00:00-05:00,2018,12,Tuesday,19,14,SAXO_RAW_NO_SAMPLE,False,,,,False,,True,822,data/acquisition/runs/20260727T070056Z-537c3d90/run_manifest.json,,Saxo provider/source coverage,False,
eurusd,2018-12-25T20:00:00Z,2018-12-25T15:00:00-05:00,2018,12,Tuesday,20,15,SAXO_RAW_NO_SAMPLE,False,,,,False,,True,822,data/acquisition/runs/20260727T070056Z-537c3d90/run_manifest.json,,Saxo provider/source coverage,False,
eurusd,2018-12-31T23:00:00Z,2018-12-31T18:00:00-05:00,2018,12,Monday,23,18,SAXO_RAW_NO_SAMPLE,False,,,,False,,True,822,data/acquisition/runs/20260727T070056Z-537c3d90/run_manifest.json,,Saxo provider/source coverage,False,
eurusd,2019-01-01T00:00:00Z,2018-12-31T19:00:00-05:00,2019,1,Tuesday,0,19,SAXO_RAW_NO_SAMPLE,False,,,,False,,True,822,data/acquisition/runs/20260727T070056Z-537c3d90/run_manifest.json,,Saxo provider/source coverage,False,
eurusd,2019-01-01T01:00:00Z,2018-12-31T20:00:00-05:00,2019,1,Tuesday,1,20,SAXO_RAW_NO_SAMPLE,False,,,,False,,True,822,data/acquisition/runs/20260727T070056Z-537c3d90/run_manifest.json,,Saxo provider/source coverage,False,
eurusd,2019-01-01T02:00:00Z,2018-12-31T21:00:00-05:00,2019,1,Tuesday,2,21,SAXO_RAW_NO_SAMPLE,False,,,,False,,True,822,data/acquisition/runs/20260727T070056Z-537c3d90/run_manifest.json,,Saxo provider/source coverage,False,
eurusd,2019-01-01T03:00:00Z,2018-12-31T22:00:00-05:00,2019,1,Tuesday,3,22,SAXO_RAW_NO_SAMPLE,False,,,,False,,True,822,data/acquisition/runs/20260727T070056Z-537c3d90/run_manifest.json,,Saxo provider/source coverage,False,
eurusd,2019-01-01T04:00:00Z,2018-12-31T23:00:00-05:00,2019,1,Tuesday,4,23,SAXO_RAW_NO_SAMPLE,False,,,,False,,True,822,data/acquisition/runs/20260727T070056Z-537c3d90/run_manifest.json,,Saxo provider/source coverage,False,
eurusd,2019-01-01T05:00:00Z,2019-01-01T00:00:00-05:00,2019,1,Tuesday,5,0,SAXO_RAW_NO_SAMPLE,False,,,,False,,True,822,data/acquisition/runs/20260727T070056Z-537c3d90/run_manifest.json,,Saxo provider/source coverage,False,
eurusd,2019-01-01T06:00:00Z,2019-01-01T01:00:00-05:00,2019,1,Tuesday,6,1,SAXO_RAW_NO_SAMPLE,False,,,,False,,True,822,data/acquisition/runs/20260727T070056Z-537c3d90/run_manifest.json,,Saxo provider/source coverage,False,
eurusd,2019-01-01T07:00:00Z,2019-01-01T02:00:00-05:00,2019,1,Tuesday,7,2,SAXO_RAW_NO_SAMPLE,False,,,,False,,True,822,data/acquisition/runs/20260727T070056Z-537c3d90/run_manifest.json,,Saxo provider/source coverage,False,
eurusd,2019-01-01T08:00:00Z,2019-01-01T03:00:00-05:00,2019,1,Tuesday,8,3,SAXO_RAW_NO_SAMPLE,False,,,,False,,True,822,data/acquisition/runs/20260727T070056Z-537c3d90/run_manifest.json,,Saxo provider/source coverage,False,
eurusd,2019-01-01T09:00:00Z,2019-01-01T04:00:00-05:00,2019,1,Tuesday,9,4,SAXO_RAW_NO_SAMPLE,False,,,,False,,True,822,data/acquisition/runs/20260727T070056Z-537c3d90/run_manifest.json,,Saxo provider/source coverage,False,
eurusd,2019-01-01T10:00:00Z,2019-01-01T05:00:00-05:00,2019,1,Tuesday,10,5,SAXO_RAW_NO_SAMPLE,False,,,,False,,True,822,data/acquisition/runs/20260727T070056Z-537c3d90/run_manifest.json,,Saxo provider/source coverage,False,
eurusd,2019-01-01T11:00:00Z,2019-01-01T06:00:00-05:00,2019,1,Tuesday,11,6,SAXO_RAW_NO_SAMPLE,False,,,,False,,True,822,data/acquisition/runs/20260727T070056Z-537c3d90/run_manifest.json,,Saxo provider/source coverage,False,
eurusd,2019-01-01T12:00:00Z,2019-01-01T07:00:00-05:00,2019,1,Tuesday,12,7,SAXO_RAW_NO_SAMPLE,False,,,,False,,True,822,data/acquisition/runs/20260727T070056Z-537c3d90/run_manifest.json,,Saxo provider/source coverage,False,
eurusd,2019-01-01T13:00:00Z,2019-01-01T08:00:00-05:00,2019,1,Tuesday,13,8,SAXO_RAW_NO_SAMPLE,False,,,,False,,True,822,data/acquisition/runs/20260727T070056Z-537c3d90/run_manifest.json,,Saxo provider/source coverage,False,
eurusd,2019-01-01T14:00:00Z,2019-01-01T09:00:00-05:00,2019,1,Tuesday,14,9,SAXO_RAW_NO_SAMPLE,False,,,,False,,True,822,data/acquisition/runs/20260727T070056Z-537c3d90/run_manifest.json,,Saxo provider/source coverage,False,
eurusd,2019-01-01T15:00:00Z,2019-01-01T10:00:00-05:00,2019,1,Tuesday,15,10,SAXO_RAW_NO_SAMPLE,False,,,,False,,True,822,data/acquisition/runs/20260727T070056Z-537c3d90/run_manifest.json,,Saxo provider/source coverage,False,
eurusd,2019-01-01T16:00:00Z,2019-01-01T11:00:00-05:00,2019,1,Tuesday,16,11,SAXO_RAW_NO_SAMPLE,False,,,,False,,True,822,data/acquisition/runs/20260727T070056Z-537c3d90/run_manifest.json,,Saxo provider/source coverage,False,
eurusd,2019-01-01T17:00:00Z,2019-01-01T12:00:00-05:00,2019,1,Tuesday,17,12,SAXO_RAW_NO_SAMPLE,False,,,,False,,True,822,data/acquisition/runs/20260727T070056Z-537c3d90/run_manifest.json,,Saxo provider/source coverage,False,
eurusd,2019-01-31T23:00:00Z,2019-01-31T18:00:00-05:00,2019,1,Thursday,23,18,SAXO_RAW_NO_SAMPLE,True,156,data/acquisition/runs/20260724T193732Z-64b36f38/instruments/eurusd/chart_0040.json,822,False,,True,822,data/acquisition/runs/20260727T070056Z-537c3d90/run_manifest.json,,Saxo provider/source coverage,False,
eurusd,2019-02-28T23:00:00Z,2019-02-28T18:00:00-05:00,2019,2,Thursday,23,18,SAXO_RAW_NO_SAMPLE,True,156,data/acquisition/runs/20260724T193732Z-64b36f38/instruments/eurusd/chart_0040.json,822,False,,True,822,data/acquisition/runs/20260727T070056Z-537c3d90/run_manifest.json,,Saxo provider/source coverage,False,
eurusd,2019-03-31T22:00:00Z,2019-03-31T18:00:00-04:00,2019,3,Sunday,22,18,SAXO_RAW_NO_SAMPLE,True,156,data/acquisition/runs/20260724T193732Z-64b36f38/instruments/eurusd/chart_0039.json,822,False,,True,822,data/acquisition/runs/20260727T070056Z-537c3d90/run_manifest.json,,Saxo provider/source coverage,False,
eurusd,2019-03-31T23:00:00Z,2019-03-31T19:00:00-04:00,2019,3,Sunday,23,19,SAXO_RAW_NO_SAMPLE,True,156,data/acquisition/runs/20260724T193732Z-64b36f38/instruments/eurusd/chart_0039.json,822,False,,True,822,data/acquisition/runs/20260727T070056Z-537c3d90/run_manifest.json,,Saxo provider/source coverage,False,
eurusd,2019-04-30T22:00:00Z,2019-04-30T18:00:00-04:00,2019,4,Tuesday,22,18,SAXO_RAW_NO_SAMPLE,True,156,data/acquisition/runs/20260724T193732Z-64b36f38/instruments/eurusd/chart_0039.json,822,False,,True,822,data/acquisition/runs/20260727T070056Z-537c3d90/run_manifest.json,,Saxo provider/source coverage,False,
eurusd,2019-04-30T23:00:00Z,2019-04-30T19:00:00-04:00,2019,4,Tuesday,23,19,SAXO_RAW_NO_SAMPLE,True,156,data/acquisition/runs/20260724T193732Z-64b36f38/instruments/eurusd/chart_0039.json,822,False,,True,822,data/acquisition/runs/20260727T070056Z-537c3d90/run_manifest.json,,Saxo provider/source coverage,False,
eurusd,2019-06-30T22:00:00Z,2019-06-30T18:00:00-04:00,2019,6,Sunday,22,18,SAXO_RAW_NO_SAMPLE,True,156,data/acquisition/runs/20260724T193732Z-64b36f38/instruments/eurusd/chart_0038.json,822,False,,True,822,data/acquisition/runs/20260727T070056Z-537c3d90/run_manifest.json,,Saxo provider/source coverage,False,
eurusd,2019-06-30T23:00:00Z,2019-06-30T19:00:00-04:00,2019,6,Sunday,23,19,SAXO_RAW_NO_SAMPLE,True,156,data/acquisition/runs/20260724T193732Z-64b36f38/instruments/eurusd/chart_0038.json,822,False,,True,822,data/acquisition/runs/20260727T070056Z-537c3d90/run_manifest.json,,Saxo provider/source coverage,False,
eurusd,2019-07-31T22:00:00Z,2019-07-31T18:00:00-04:00,2019,7,Wednesday,22,18,SAXO_RAW_NO_SAMPLE,True,156,data/acquisition/runs/20260724T193732Z-64b36f38/instruments/eurusd/chart_0038.json,822,False,,True,822,data/acquisition/runs/20260727T070056Z-537c3d90/run_manifest.json,,Saxo provider/source coverage,False,
eurusd,2019-07-31T23:00:00Z,2019-07-31T19:00:00-04:00,2019,7,Wednesday,23,19,SAXO_RAW_NO_SAMPLE,True,156,data/acquisition/runs/20260724T193732Z-64b36f38/instruments/eurusd/chart_0038.json,822,False,,True,822,data/acquisition/runs/20260727T070056Z-537c3d90/run_manifest.json,,Saxo provider/source coverage,False,
eurusd,2019-09-30T22:00:00Z,2019-09-30T18:00:00-04:00,2019,9,Monday,22,18,SAXO_RAW_NO_SAMPLE,True,156,data/acquisition/runs/20260724T193732Z-64b36f38/instruments/eurusd/chart_0037.json,822,False,,True,822,data/acquisition/runs/20260727T070056Z-537c3d90/run_manifest.json,,Saxo provider/source coverage,False,
eurusd,2019-09-30T23:00:00Z,2019-09-30T19:00:00-04:00,2019,9,Monday,23,19,SAXO_RAW_NO_SAMPLE,True,156,data/acquisition/runs/20260724T193732Z-64b36f38/instruments/eurusd/chart_0037.json,822,False,,True,822,data/acquisition/runs/20260727T070056Z-537c3d90/run_manifest.json,,Saxo provider/source coverage,False,
eurusd,2019-10-31T22:00:00Z,2019-10-31T18:00:00-04:00,2019,10,Thursday,22,18,SAXO_RAW_NO_SAMPLE,True,156,data/acquisition/runs/20260724T193732Z-64b36f38/instruments/eurusd/chart_0036.json,822,False,,True,822,data/acquisition/runs/20260727T070056Z-537c3d90/run_manifest.json,,Saxo provider/source coverage,False,
eurusd,2019-10-31T23:00:00Z,2019-10-31T19:00:00-04:00,2019,10,Thursday,23,19,SAXO_RAW_NO_SAMPLE,True,156,data/acquisition/runs/20260724T193732Z-64b36f38/instruments/eurusd/chart_0036.json,822,False,,True,822,data/acquisition/runs/20260727T070056Z-537c3d90/run_manifest.json,,Saxo provider/source coverage,False,
eurusd,2019-12-25T07:00:00Z,2019-12-25T02:00:00-05:00,2019,12,Wednesday,7,2,SAXO_RAW_NO_SAMPLE,False,,,,False,,True,822,data/acquisition/runs/20260727T070056Z-537c3d90/run_manifest.json,,Saxo provider/source coverage,False,
eurusd,2019-12-25T08:00:00Z,2019-12-25T03:00:00-05:00,2019,12,Wednesday,8,3,SAXO_RAW_NO_SAMPLE,False,,,,False,,True,822,data/acquisition/runs/20260727T070056Z-537c3d90/run_manifest.json,,Saxo provider/source coverage,False,
eurusd,2019-12-25T09:00:00Z,2019-12-25T04:00:00-05:00,2019,12,Wednesday,9,4,SAXO_RAW_NO_SAMPLE,False,,,,False,,True,822,data/acquisition/runs/20260727T070056Z-537c3d90/run_manifest.json,,Saxo provider/source coverage,False,
eurusd,2019-12-25T10:00:00Z,2019-12-25T05:00:00-05:00,2019,12,Wednesday,10,5,SAXO_RAW_NO_SAMPLE,False,,,,False,,True,822,data/acquisition/runs/20260727T070056Z-537c3d90/run_manifest.json,,Saxo provider/source coverage,False,
eurusd,2019-12-25T11:00:00Z,2019-12-25T06:00:00-05:00,2019,12,Wednesday,11,6,SAXO_RAW_NO_SAMPLE,False,,,,False,,True,822,data/acquisition/runs/20260727T070056Z-537c3d90/run_manifest.json,,Saxo provider/source coverage,False,
eurusd,2019-12-25T12:00:00Z,2019-12-25T07:00:00-05:00,2019,12,Wednesday,12,7,SAXO_RAW_NO_SAMPLE,False,,,,False,,True,822,data/acquisition/runs/20260727T070056Z-537c3d90/run_manifest.json,,Saxo provider/source coverage,False,
eurusd,2019-12-25T13:00:00Z,2019-12-25T08:00:00-05:00,2019,12,Wednesday,13,8,SAXO_RAW_NO_SAMPLE,False,,,,False,,True,822,data/acquisition/runs/20260727T070056Z-537c3d90/run_manifest.json,,Saxo provider/source coverage,False,
eurusd,2019-12-25T14:00:00Z,2019-12-25T09:00:00-05:00,2019,12,Wednesday,14,9,SAXO_RAW_NO_SAMPLE,False,,,,False,,True,822,data/acquisition/runs/20260727T070056Z-537c3d90/run_manifest.json,,Saxo provider/source coverage,False,
eurusd,2019-12-25T15:00:00Z,2019-12-25T10:00:00-05:00,2019,12,Wednesday,15,10,SAXO_RAW_NO_SAMPLE,False,,,,False,,True,822,data/acquisition/runs/20260727T070056Z-537c3d90/run_manifest.json,,Saxo provider/source coverage,False,
eurusd,2019-12-25T16:00:00Z,2019-12-25T11:00:00-05:00,2019,12,Wednesday,16,11,SAXO_RAW_NO_SAMPLE,False,,,,False,,True,822,data/acquisition/runs/20260727T070056Z-537c3d90/run_manifest.json,,Saxo provider/source coverage,False,
eurusd,2019-12-25T17:00:00Z,2019-12-25T12:00:00-05:00,2019,12,Wednesday,17,12,SAXO_RAW_NO_SAMPLE,False,,,,False,,True,822,data/acquisition/runs/20260727T070056Z-537c3d90/run_manifest.json,,Saxo provider/source coverage,False,
eurusd,2019-12-25T18:00:00Z,2019-12-25T13:00:00-05:00,2019,12,Wednesday,18,13,SAXO_RAW_NO_SAMPLE,False,,,,False,,True,822,data/acquisition/runs/20260727T070056Z-537c3d90/run_manifest.json,,Saxo provider/source coverage,False,
eurusd,2019-12-25T19:00:00Z,2019-12-25T14:00:00-05:00,2019,12,Wednesday,19,14,SAXO_RAW_NO_SAMPLE,False,,,,False,,True,822,data/acquisition/runs/20260727T070056Z-537c3d90/run_manifest.json,,Saxo provider/source coverage,False,
eurusd,2019-12-25T20:00:00Z,2019-12-25T15:00:00-05:00,2019,12,Wednesday,20,15,SAXO_RAW_NO_SAMPLE,False,,,,False,,True,822,data/acquisition/runs/20260727T070056Z-537c3d90/run_manifest.json,,Saxo provider/source coverage,False,
eurusd,2019-12-31T23:00:00Z,2019-12-31T18:00:00-05:00,2019,12,Tuesday,23,18,SAXO_RAW_NO_SAMPLE,False,,,,False,,True,822,data/acquisition/runs/20260727T070056Z-537c3d90/run_manifest.json,,Saxo provider/source coverage,False,
eurusd,2020-01-01T00:00:00Z,2019-12-31T19:00:00-05:00,2020,1,Wednesday,0,19,SAXO_RAW_NO_SAMPLE,False,,,,False,,True,822,data/acquisition/runs/20260727T070056Z-537c3d90/run_manifest.json,,Saxo provider/source coverage,False,
eurusd,2020-01-01T01:00:00Z,2019-12-31T20:00:00-05:00,2020,1,Wednesday,1,20,SAXO_RAW_NO_SAMPLE,False,,,,False,,True,822,data/acquisition/runs/20260727T070056Z-537c3d90/run_manifest.json,,Saxo provider/source coverage,False,
eurusd,2020-01-01T02:00:00Z,2019-12-31T21:00:00-05:00,2020,1,Wednesday,2,21,SAXO_RAW_NO_SAMPLE,False,,,,False,,True,822,data/acquisition/runs/20260727T070056Z-537c3d90/run_manifest.json,,Saxo provider/source coverage,False,
eurusd,2020-01-01T03:00:00Z,2019-12-31T22:00:00-05:00,2020,1,Wednesday,3,22,SAXO_RAW_NO_SAMPLE,False,,,,False,,True,822,data/acquisition/runs/20260727T070056Z-537c3d90/run_manifest.json,,Saxo provider/source coverage,False,
eurusd,2020-01-01T04:00:00Z,2019-12-31T23:00:00-05:00,2020,1,Wednesday,4,23,SAXO_RAW_NO_SAMPLE,False,,,,False,,True,822,data/acquisition/runs/20260727T070056Z-537c3d90/run_manifest.json,,Saxo provider/source coverage,False,
eurusd,2020-01-01T05:00:00Z,2020-01-01T00:00:00-05:00,2020,1,Wednesday,5,0,SAXO_RAW_NO_SAMPLE,False,,,,False,,True,822,data/acquisition/runs/20260727T070056Z-537c3d90/run_manifest.json,,Saxo provider/source coverage,False,
eurusd,2020-01-01T06:00:00Z,2020-01-01T01:00:00-05:00,2020,1,Wednesday,6,1,SAXO_RAW_NO_SAMPLE,False,,,,False,,True,822,data/acquisition/runs/20260727T070056Z-537c3d90/run_manifest.json,,Saxo provider/source coverage,False,
eurusd,2020-01-01T07:00:00Z,2020-01-01T02:00:00-05:00,2020,1,Wednesday,7,2,SAXO_RAW_NO_SAMPLE,False,,,,False,,True,822,data/acquisition/runs/20260727T070056Z-537c3d90/run_manifest.json,,Saxo provider/source coverage,False,
eurusd,2020-01-01T08:00:00Z,2020-01-01T03:00:00-05:00,2020,1,Wednesday,8,3,SAXO_RAW_NO_SAMPLE,False,,,,False,,True,822,data/acquisition/runs/20260727T070056Z-537c3d90/run_manifest.json,,Saxo provider/source coverage,False,
eurusd,2020-01-01T09:00:00Z,2020-01-01T04:00:00-05:00,2020,1,Wednesday,9,4,SAXO_RAW_NO_SAMPLE,False,,,,False,,True,822,data/acquisition/runs/20260727T070056Z-537c3d90/run_manifest.json,,Saxo provider/source coverage,False,
eurusd,2020-01-01T10:00:00Z,2020-01-01T05:00:00-05:00,2020,1,Wednesday,10,5,SAXO_RAW_NO_SAMPLE,False,,,,False,,True,822,data/acquisition/runs/20260727T070056Z-537c3d90/run_manifest.json,,Saxo provider/source coverage,False,
eurusd,2020-01-01T11:00:00Z,2020-01-01T06:00:00-05:00,2020,1,Wednesday,11,6,SAXO_RAW_NO_SAMPLE,False,,,,False,,True,822,data/acquisition/runs/20260727T070056Z-537c3d90/run_manifest.json,,Saxo provider/source coverage,False,
eurusd,2020-01-01T12:00:00Z,2020-01-01T07:00:00-05:00,2020,1,Wednesday,12,7,SAXO_RAW_NO_SAMPLE,False,,,,False,,True,822,data/acquisition/runs/20260727T070056Z-537c3d90/run_manifest.json,,Saxo provider/source coverage,False,
eurusd,2020-01-01T13:00:00Z,2020-01-01T08:00:00-05:00,2020,1,Wednesday,13,8,SAXO_RAW_NO_SAMPLE,False,,,,False,,True,822,data/acquisition/runs/20260727T070056Z-537c3d90/run_manifest.json,,Saxo provider/source coverage,False,
eurusd,2020-01-01T14:00:00Z,2020-01-01T09:00:00-05:00,2020,1,Wednesday,14,9,SAXO_RAW_NO_SAMPLE,False,,,,False,,True,822,data/acquisition/runs/20260727T070056Z-537c3d90/run_manifest.json,,Saxo provider/source coverage,False,
eurusd,2020-01-01T15:00:00Z,2020-01-01T10:00:00-05:00,2020,1,Wednesday,15,10,SAXO_RAW_NO_SAMPLE,False,,,,False,,True,822,data/acquisition/runs/20260727T070056Z-537c3d90/run_manifest.json,,Saxo provider/source coverage,False,
eurusd,2020-01-01T16:00:00Z,2020-01-01T11:00:00-05:00,2020,1,Wednesday,16,11,SAXO_RAW_NO_SAMPLE,False,,,,False,,True,822,data/acquisition/runs/20260727T070056Z-537c3d90/run_manifest.json,,Saxo provider/source coverage,False,
eurusd,2020-01-01T17:00:00Z,2020-01-01T12:00:00-05:00,2020,1,Wednesday,17,12,SAXO_RAW_NO_SAMPLE,False,,,,False,,True,822,data/acquisition/runs/20260727T070056Z-537c3d90/run_manifest.json,,Saxo provider/source coverage,False,
eurusd,2020-03-31T22:00:00Z,2020-03-31T18:00:00-04:00,2020,3,Tuesday,22,18,SAXO_RAW_NO_SAMPLE,True,156,data/acquisition/runs/20260724T193732Z-64b36f38/instruments/eurusd/chart_0034.json,822,False,,True,822,data/acquisition/runs/20260727T070056Z-537c3d90/run_manifest.json,,Saxo provider/source coverage,False,
eurusd,2020-03-31T23:00:00Z,2020-03-31T19:00:00-04:00,2020,3,Tuesday,23,19,SAXO_RAW_NO_SAMPLE,True,156,data/acquisition/runs/20260724T193732Z-64b36f38/instruments/eurusd/chart_0034.json,822,False,,True,822,data/acquisition/runs/20260727T070056Z-537c3d90/run_manifest.json,,Saxo provider/source coverage,False,
eurusd,2020-04-30T22:00:00Z,2020-04-30T18:00:00-04:00,2020,4,Thursday,22,18,SAXO_RAW_NO_SAMPLE,True,156,data/acquisition/runs/20260724T193732Z-64b36f38/instruments/eurusd/chart_0034.json,822,False,,True,822,data/acquisition/runs/20260727T070056Z-537c3d90/run_manifest.json,,Saxo provider/source coverage,False,
eurusd,2020-04-30T23:00:00Z,2020-04-30T19:00:00-04:00,2020,4,Thursday,23,19,SAXO_RAW_NO_SAMPLE,True,156,data/acquisition/runs/20260724T193732Z-64b36f38/instruments/eurusd/chart_0034.json,822,False,,True,822,data/acquisition/runs/20260727T070056Z-537c3d90/run_manifest.json,,Saxo provider/source coverage,False,
eurusd,2020-05-31T22:00:00Z,2020-05-31T18:00:00-04:00,2020,5,Sunday,22,18,SAXO_RAW_NO_SAMPLE,True,788,data/acquisition/runs/20260727T050031Z-b7182baa/instruments/eurusd/chart_0033.json,822,False,,True,822,data/acquisition/runs/20260727T070056Z-537c3d90/run_manifest.json,,Saxo provider/source coverage,False,
eurusd,2020-05-31T23:00:00Z,2020-05-31T19:00:00-04:00,2020,5,Sunday,23,19,SAXO_RAW_NO_SAMPLE,True,788,data/acquisition/runs/20260727T050031Z-b7182baa/instruments/eurusd/chart_0033.json,822,False,,True,822,data/acquisition/runs/20260727T070056Z-537c3d90/run_manifest.json,,Saxo provider/source coverage,False,
eurusd,2020-06-30T22:00:00Z,2020-06-30T18:00:00-04:00,2020,6,Tuesday,22,18,SAXO_RAW_NO_SAMPLE,True,788,data/acquisition/runs/20260727T050031Z-b7182baa/instruments/eurusd/chart_0033.json,822,False,,True,822,data/acquisition/runs/20260727T070056Z-537c3d90/run_manifest.json,,Saxo provider/source coverage,False,
eurusd,2020-06-30T23:00:00Z,2020-06-30T19:00:00-04:00,2020,6,Tuesday,23,19,SAXO_RAW_NO_SAMPLE,True,788,data/acquisition/runs/20260727T050031Z-b7182baa/instruments/eurusd/chart_0033.json,822,False,,True,822,data/acquisition/runs/20260727T070056Z-537c3d90/run_manifest.json,,Saxo provider/source coverage,False,
eurusd,2020-08-31T22:00:00Z,2020-08-31T18:00:00-04:00,2020,8,Monday,22,18,SAXO_RAW_NO_SAMPLE,True,156,data/acquisition/runs/20260724T193732Z-64b36f38/instruments/eurusd/chart_0032.json,822,False,,True,822,data/acquisition/runs/20260727T070056Z-537c3d90/run_manifest.json,,Saxo provider/source coverage,False,
eurusd,2020-08-31T23:00:00Z,2020-08-31T19:00:00-04:00,2020,8,Monday,23,19,SAXO_RAW_NO_SAMPLE,True,156,data/acquisition/runs/20260724T193732Z-64b36f38/instruments/eurusd/chart_0032.json,822,False,,True,822,data/acquisition/runs/20260727T070056Z-537c3d90/run_manifest.json,,Saxo provider/source coverage,False,
eurusd,2020-09-30T22:00:00Z,2020-09-30T18:00:00-04:00,2020,9,Wednesday,22,18,SAXO_RAW_NO_SAMPLE,True,156,data/acquisition/runs/20260724T193732Z-64b36f38/instruments/eurusd/chart_0031.json,822,False,,True,822,data/acquisition/runs/20260727T070056Z-537c3d90/run_manifest.json,,Saxo provider/source coverage,False,
eurusd,2020-09-30T23:00:00Z,2020-09-30T19:00:00-04:00,2020,9,Wednesday,23,19,SAXO_RAW_NO_SAMPLE,True,156,data/acquisition/runs/20260724T193732Z-64b36f38/instruments/eurusd/chart_0031.json,822,False,,True,822,data/acquisition/runs/20260727T070056Z-537c3d90/run_manifest.json,,Saxo provider/source coverage,False,
eurusd,2020-11-30T23:00:00Z,2020-11-30T18:00:00-05:00,2020,11,Monday,23,18,SAXO_RAW_NO_SAMPLE,True,156,data/acquisition/runs/20260724T193732Z-64b36f38/instruments/eurusd/chart_0031.json,822,False,,True,822,data/acquisition/runs/20260727T070056Z-537c3d90/run_manifest.json,,Saxo provider/source coverage,False,
eurusd,2020-12-25T07:00:00Z,2020-12-25T02:00:00-05:00,2020,12,Friday,7,2,SAXO_RAW_NO_SAMPLE,False,,,,False,,True,822,data/acquisition/runs/20260727T070056Z-537c3d90/run_manifest.json,,Saxo provider/source coverage,False,
eurusd,2020-12-25T08:00:00Z,2020-12-25T03:00:00-05:00,2020,12,Friday,8,3,SAXO_RAW_NO_SAMPLE,False,,,,False,,True,822,data/acquisition/runs/20260727T070056Z-537c3d90/run_manifest.json,,Saxo provider/source coverage,False,
eurusd,2020-12-25T09:00:00Z,2020-12-25T04:00:00-05:00,2020,12,Friday,9,4,SAXO_RAW_NO_SAMPLE,False,,,,False,,True,822,data/acquisition/runs/20260727T070056Z-537c3d90/run_manifest.json,,Saxo provider/source coverage,False,
eurusd,2020-12-25T10:00:00Z,2020-12-25T05:00:00-05:00,2020,12,Friday,10,5,SAXO_RAW_NO_SAMPLE,False,,,,False,,True,822,data/acquisition/runs/20260727T070056Z-537c3d90/run_manifest.json,,Saxo provider/source coverage,False,
eurusd,2020-12-25T11:00:00Z,2020-12-25T06:00:00-05:00,2020,12,Friday,11,6,SAXO_RAW_NO_SAMPLE,False,,,,False,,True,822,data/acquisition/runs/20260727T070056Z-537c3d90/run_manifest.json,,Saxo provider/source coverage,False,
eurusd,2020-12-25T12:00:00Z,2020-12-25T07:00:00-05:00,2020,12,Friday,12,7,SAXO_RAW_NO_SAMPLE,False,,,,False,,True,822,data/acquisition/runs/20260727T070056Z-537c3d90/run_manifest.json,,Saxo provider/source coverage,False,
eurusd,2020-12-25T13:00:00Z,2020-12-25T08:00:00-05:00,2020,12,Friday,13,8,SAXO_RAW_NO_SAMPLE,False,,,,False,,True,822,data/acquisition/runs/20260727T070056Z-537c3d90/run_manifest.json,,Saxo provider/source coverage,False,
eurusd,2020-12-25T14:00:00Z,2020-12-25T09:00:00-05:00,2020,12,Friday,14,9,SAXO_RAW_NO_SAMPLE,False,,,,False,,True,822,data/acquisition/runs/20260727T070056Z-537c3d90/run_manifest.json,,Saxo provider/source coverage,False,
eurusd,2020-12-25T15:00:00Z,2020-12-25T10:00:00-05:00,2020,12,Friday,15,10,SAXO_RAW_NO_SAMPLE,False,,,,False,,True,822,data/acquisition/runs/20260727T070056Z-537c3d90/run_manifest.json,,Saxo provider/source coverage,False,
eurusd,2020-12-25T16:00:00Z,2020-12-25T11:00:00-05:00,2020,12,Friday,16,11,SAXO_RAW_NO_SAMPLE,False,,,,False,,True,822,data/acquisition/runs/20260727T070056Z-537c3d90/run_manifest.json,,Saxo provider/source coverage,False,
eurusd,2020-12-25T17:00:00Z,2020-12-25T12:00:00-05:00,2020,12,Friday,17,12,SAXO_RAW_NO_SAMPLE,False,,,,False,,True,822,data/acquisition/runs/20260727T070056Z-537c3d90/run_manifest.json,,Saxo provider/source coverage,False,
eurusd,2020-12-25T18:00:00Z,2020-12-25T13:00:00-05:00,2020,12,Friday,18,13,SAXO_RAW_NO_SAMPLE,False,,,,False,,True,822,data/acquisition/runs/20260727T070056Z-537c3d90/run_manifest.json,,Saxo provider/source coverage,False,
eurusd,2020-12-25T19:00:00Z,2020-12-25T14:00:00-05:00,2020,12,Friday,19,14,SAXO_RAW_NO_SAMPLE,False,,,,False,,True,822,data/acquisition/runs/20260727T070056Z-537c3d90/run_manifest.json,,Saxo provider/source coverage,False,
eurusd,2020-12-25T20:00:00Z,2020-12-25T15:00:00-05:00,2020,12,Friday,20,15,SAXO_RAW_NO_SAMPLE,False,,,,False,,True,822,data/acquisition/runs/20260727T070056Z-537c3d90/run_manifest.json,,Saxo provider/source coverage,False,
eurusd,2020-12-31T23:00:00Z,2020-12-31T18:00:00-05:00,2020,12,Thursday,23,18,SAXO_RAW_NO_SAMPLE,False,,,,False,,True,822,data/acquisition/runs/20260727T070056Z-537c3d90/run_manifest.json,,Saxo provider/source coverage,False,
eurusd,2021-01-01T00:00:00Z,2020-12-31T19:00:00-05:00,2021,1,Friday,0,19,SAXO_RAW_NO_SAMPLE,False,,,,False,,True,822,data/acquisition/runs/20260727T070056Z-537c3d90/run_manifest.json,,Saxo provider/source coverage,False,
eurusd,2021-01-01T01:00:00Z,2020-12-31T20:00:00-05:00,2021,1,Friday,1,20,SAXO_RAW_NO_SAMPLE,False,,,,False,,True,822,data/acquisition/runs/20260727T070056Z-537c3d90/run_manifest.json,,Saxo provider/source coverage,False,
eurusd,2021-01-01T02:00:00Z,2020-12-31T21:00:00-05:00,2021,1,Friday,2,21,SAXO_RAW_NO_SAMPLE,False,,,,False,,True,822,data/acquisition/runs/20260727T070056Z-537c3d90/run_manifest.json,,Saxo provider/source coverage,False,
eurusd,2021-01-01T03:00:00Z,2020-12-31T22:00:00-05:00,2021,1,Friday,3,22,SAXO_RAW_NO_SAMPLE,False,,,,False,,True,822,data/acquisition/runs/20260727T070056Z-537c3d90/run_manifest.json,,Saxo provider/source coverage,False,
eurusd,2021-01-01T04:00:00Z,2020-12-31T23:00:00-05:00,2021,1,Friday,4,23,SAXO_RAW_NO_SAMPLE,False,,,,False,,True,822,data/acquisition/runs/20260727T070056Z-537c3d90/run_manifest.json,,Saxo provider/source coverage,False,
eurusd,2021-01-01T05:00:00Z,2021-01-01T00:00:00-05:00,2021,1,Friday,5,0,SAXO_RAW_NO_SAMPLE,False,,,,False,,True,822,data/acquisition/runs/20260727T070056Z-537c3d90/run_manifest.json,,Saxo provider/source coverage,False,
eurusd,2021-01-01T06:00:00Z,2021-01-01T01:00:00-05:00,2021,1,Friday,6,1,SAXO_RAW_NO_SAMPLE,False,,,,False,,True,822,data/acquisition/runs/20260727T070056Z-537c3d90/run_manifest.json,,Saxo provider/source coverage,False,
eurusd,2021-01-01T07:00:00Z,2021-01-01T02:00:00-05:00,2021,1,Friday,7,2,SAXO_RAW_NO_SAMPLE,False,,,,False,,True,822,data/acquisition/runs/20260727T070056Z-537c3d90/run_manifest.json,,Saxo provider/source coverage,False,
eurusd,2021-01-01T08:00:00Z,2021-01-01T03:00:00-05:00,2021,1,Friday,8,3,SAXO_RAW_NO_SAMPLE,False,,,,False,,True,822,data/acquisition/runs/20260727T070056Z-537c3d90/run_manifest.json,,Saxo provider/source coverage,False,
eurusd,2021-01-01T09:00:00Z,2021-01-01T04:00:00-05:00,2021,1,Friday,9,4,SAXO_RAW_NO_SAMPLE,False,,,,False,,True,822,data/acquisition/runs/20260727T070056Z-537c3d90/run_manifest.json,,Saxo provider/source coverage,False,
eurusd,2021-01-01T10:00:00Z,2021-01-01T05:00:00-05:00,2021,1,Friday,10,5,SAXO_RAW_NO_SAMPLE,False,,,,False,,True,822,data/acquisition/runs/20260727T070056Z-537c3d90/run_manifest.json,,Saxo provider/source coverage,False,
eurusd,2021-01-01T11:00:00Z,2021-01-01T06:00:00-05:00,2021,1,Friday,11,6,SAXO_RAW_NO_SAMPLE,False,,,,False,,True,822,data/acquisition/runs/20260727T070056Z-537c3d90/run_manifest.json,,Saxo provider/source coverage,False,
eurusd,2021-01-01T12:00:00Z,2021-01-01T07:00:00-05:00,2021,1,Friday,12,7,SAXO_RAW_NO_SAMPLE,False,,,,False,,True,822,data/acquisition/runs/20260727T070056Z-537c3d90/run_manifest.json,,Saxo provider/source coverage,False,
eurusd,2021-01-01T13:00:00Z,2021-01-01T08:00:00-05:00,2021,1,Friday,13,8,SAXO_RAW_NO_SAMPLE,False,,,,False,,True,822,data/acquisition/runs/20260727T070056Z-537c3d90/run_manifest.json,,Saxo provider/source coverage,False,
eurusd,2021-01-01T14:00:00Z,2021-01-01T09:00:00-05:00,2021,1,Friday,14,9,SAXO_RAW_NO_SAMPLE,False,,,,False,,True,822,data/acquisition/runs/20260727T070056Z-537c3d90/run_manifest.json,,Saxo provider/source coverage,False,
eurusd,2021-01-01T15:00:00Z,2021-01-01T10:00:00-05:00,2021,1,Friday,15,10,SAXO_RAW_NO_SAMPLE,False,,,,False,,True,822,data/acquisition/runs/20260727T070056Z-537c3d90/run_manifest.json,,Saxo provider/source coverage,False,
eurusd,2021-01-01T16:00:00Z,2021-01-01T11:00:00-05:00,2021,1,Friday,16,11,SAXO_RAW_NO_SAMPLE,False,,,,False,,True,822,data/acquisition/runs/20260727T070056Z-537c3d90/run_manifest.json,,Saxo provider/source coverage,False,
eurusd,2021-01-01T17:00:00Z,2021-01-01T12:00:00-05:00,2021,1,Friday,17,12,SAXO_RAW_NO_SAMPLE,False,,,,False,,True,822,data/acquisition/runs/20260727T070056Z-537c3d90/run_manifest.json,,Saxo provider/source coverage,False,
eurusd,2021-01-01T18:00:00Z,2021-01-01T13:00:00-05:00,2021,1,Friday,18,13,SAXO_RAW_NO_SAMPLE,False,,,,False,,True,822,data/acquisition/runs/20260727T070056Z-537c3d90/run_manifest.json,,Saxo provider/source coverage,False,
eurusd,2021-01-01T19:00:00Z,2021-01-01T14:00:00-05:00,2021,1,Friday,19,14,SAXO_RAW_NO_SAMPLE,False,,,,False,,True,822,data/acquisition/runs/20260727T070056Z-537c3d90/run_manifest.json,,Saxo provider/source coverage,False,
eurusd,2021-01-01T20:00:00Z,2021-01-01T15:00:00-05:00,2021,1,Friday,20,15,SAXO_RAW_NO_SAMPLE,False,,,,False,,True,822,data/acquisition/runs/20260727T070056Z-537c3d90/run_manifest.json,,Saxo provider/source coverage,False,
eurusd,2021-01-31T23:00:00Z,2021-01-31T18:00:00-05:00,2021,1,Sunday,23,18,SAXO_RAW_NO_SAMPLE,True,156,data/acquisition/runs/20260724T193732Z-64b36f38/instruments/eurusd/chart_0030.json,822,False,,True,822,data/acquisition/runs/20260727T070056Z-537c3d90/run_manifest.json,,Saxo provider/source coverage,False,
eurusd,2021-02-28T23:00:00Z,2021-02-28T18:00:00-05:00,2021,2,Sunday,23,18,SAXO_RAW_NO_SAMPLE,True,156,data/acquisition/runs/20260724T193732Z-64b36f38/instruments/eurusd/chart_0029.json,822,False,,True,822,data/acquisition/runs/20260727T070056Z-537c3d90/run_manifest.json,,Saxo provider/source coverage,False,
eurusd,2021-03-31T22:00:00Z,2021-03-31T18:00:00-04:00,2021,3,Wednesday,22,18,SAXO_RAW_NO_SAMPLE,True,156,data/acquisition/runs/20260724T193732Z-64b36f38/instruments/eurusd/chart_0029.json,822,False,,True,822,data/acquisition/runs/20260727T070056Z-537c3d90/run_manifest.json,,Saxo provider/source coverage,False,
eurusd,2021-03-31T23:00:00Z,2021-03-31T19:00:00-04:00,2021,3,Wednesday,23,19,SAXO_RAW_NO_SAMPLE,True,156,data/acquisition/runs/20260724T193732Z-64b36f38/instruments/eurusd/chart_0029.json,822,False,,True,822,data/acquisition/runs/20260727T070056Z-537c3d90/run_manifest.json,,Saxo provider/source coverage,False,
eurusd,2021-05-31T22:00:00Z,2021-05-31T18:00:00-04:00,2021,5,Monday,22,18,SAXO_RAW_NO_SAMPLE,True,156,data/acquisition/runs/20260724T193732Z-64b36f38/instruments/eurusd/chart_0028.json,822,False,,True,822,data/acquisition/runs/20260727T070056Z-537c3d90/run_manifest.json,,Saxo provider/source coverage,False,
eurusd,2021-05-31T23:00:00Z,2021-05-31T19:00:00-04:00,2021,5,Monday,23,19,SAXO_RAW_NO_SAMPLE,True,156,data/acquisition/runs/20260724T193732Z-64b36f38/instruments/eurusd/chart_0028.json,822,False,,True,822,data/acquisition/runs/20260727T070056Z-537c3d90/run_manifest.json,,Saxo provider/source coverage,False,
eurusd,2021-06-30T22:00:00Z,2021-06-30T18:00:00-04:00,2021,6,Wednesday,22,18,SAXO_RAW_NO_SAMPLE,True,156,data/acquisition/runs/20260724T193732Z-64b36f38/instruments/eurusd/chart_0028.json,822,False,,True,822,data/acquisition/runs/20260727T070056Z-537c3d90/run_manifest.json,,Saxo provider/source coverage,False,
eurusd,2021-06-30T23:00:00Z,2021-06-30T19:00:00-04:00,2021,6,Wednesday,23,19,SAXO_RAW_NO_SAMPLE,True,156,data/acquisition/runs/20260724T193732Z-64b36f38/instruments/eurusd/chart_0027.json,822,False,,True,822,data/acquisition/runs/20260727T070056Z-537c3d90/run_manifest.json,,Saxo provider/source coverage,False,
eurusd,2021-08-31T22:00:00Z,2021-08-31T18:00:00-04:00,2021,8,Tuesday,22,18,SAXO_RAW_NO_SAMPLE,True,156,data/acquisition/runs/20260724T193732Z-64b36f38/instruments/eurusd/chart_0027.json,822,False,,True,822,data/acquisition/runs/20260727T070056Z-537c3d90/run_manifest.json,,Saxo provider/source coverage,False,
eurusd,2021-08-31T23:00:00Z,2021-08-31T19:00:00-04:00,2021,8,Tuesday,23,19,SAXO_RAW_NO_SAMPLE,True,156,data/acquisition/runs/20260724T193732Z-64b36f38/instruments/eurusd/chart_0027.json,822,False,,True,822,data/acquisition/runs/20260727T070056Z-537c3d90/run_manifest.json,,Saxo provider/source coverage,False,
eurusd,2021-09-30T22:00:00Z,2021-09-30T18:00:00-04:00,2021,9,Thursday,22,18,SAXO_RAW_NO_SAMPLE,True,156,data/acquisition/runs/20260724T193732Z-64b36f38/instruments/eurusd/chart_0026.json,822,False,,True,822,data/acquisition/runs/20260727T070056Z-537c3d90/run_manifest.json,,Saxo provider/source coverage,False,
eurusd,2021-09-30T23:00:00Z,2021-09-30T19:00:00-04:00,2021,9,Thursday,23,19,SAXO_RAW_NO_SAMPLE,True,156,data/acquisition/runs/20260724T193732Z-64b36f38/instruments/eurusd/chart_0026.json,822,False,,True,822,data/acquisition/runs/20260727T070056Z-537c3d90/run_manifest.json,,Saxo provider/source coverage,False,
eurusd,2021-10-31T22:00:00Z,2021-10-31T18:00:00-04:00,2021,10,Sunday,22,18,SAXO_RAW_NO_SAMPLE,True,156,data/acquisition/runs/20260724T193732Z-64b36f38/instruments/eurusd/chart_0026.json,822,False,,True,822,data/acquisition/runs/20260727T070056Z-537c3d90/run_manifest.json,,Saxo provider/source coverage,False,
eurusd,2021-10-31T23:00:00Z,2021-10-31T19:00:00-04:00,2021,10,Sunday,23,19,SAXO_RAW_NO_SAMPLE,True,156,data/acquisition/runs/20260724T193732Z-64b36f38/instruments/eurusd/chart_0026.json,822,False,,True,822,data/acquisition/runs/20260727T070056Z-537c3d90/run_manifest.json,,Saxo provider/source coverage,False,
eurusd,2021-11-30T23:00:00Z,2021-11-30T18:00:00-05:00,2021,11,Tuesday,23,18,SAXO_RAW_NO_SAMPLE,True,156,data/acquisition/runs/20260724T193732Z-64b36f38/instruments/eurusd/chart_0025.json,822,False,,True,822,data/acquisition/runs/20260727T070056Z-537c3d90/run_manifest.json,,Saxo provider/source coverage,False,
eurusd,2022-01-31T23:00:00Z,2022-01-31T18:00:00-05:00,2022,1,Monday,23,18,SAXO_RAW_NO_SAMPLE,True,156,data/acquisition/runs/20260724T193732Z-64b36f38/instruments/eurusd/chart_0024.json,822,False,,True,822,data/acquisition/runs/20260727T070056Z-537c3d90/run_manifest.json,,Saxo provider/source coverage,False,
eurusd,2022-02-28T23:00:00Z,2022-02-28T18:00:00-05:00,2022,2,Monday,23,18,SAXO_RAW_NO_SAMPLE,True,156,data/acquisition/runs/20260724T193732Z-64b36f38/instruments/eurusd/chart_0024.json,822,False,,True,822,data/acquisition/runs/20260727T070056Z-537c3d90/run_manifest.json,,Saxo provider/source coverage,False,
eurusd,2022-03-31T22:00:00Z,2022-03-31T18:00:00-04:00,2022,3,Thursday,22,18,SAXO_RAW_NO_SAMPLE,True,156,data/acquisition/runs/20260724T193732Z-64b36f38/instruments/eurusd/chart_0023.json,822,False,,True,822,data/acquisition/runs/20260727T070056Z-537c3d90/run_manifest.json,,Saxo provider/source coverage,False,
eurusd,2022-03-31T23:00:00Z,2022-03-31T19:00:00-04:00,2022,3,Thursday,23,19,SAXO_RAW_NO_SAMPLE,True,156,data/acquisition/runs/20260724T193732Z-64b36f38/instruments/eurusd/chart_0023.json,822,False,,True,822,data/acquisition/runs/20260727T070056Z-537c3d90/run_manifest.json,,Saxo provider/source coverage,False,
eurusd,2022-05-31T22:00:00Z,2022-05-31T18:00:00-04:00,2022,5,Tuesday,22,18,SAXO_RAW_NO_SAMPLE,True,156,data/acquisition/runs/20260724T193732Z-64b36f38/instruments/eurusd/chart_0023.json,822,False,,True,822,data/acquisition/runs/20260727T070056Z-537c3d90/run_manifest.json,,Saxo provider/source coverage,False,
eurusd,2022-05-31T23:00:00Z,2022-05-31T19:00:00-04:00,2022,5,Tuesday,23,19,SAXO_RAW_NO_SAMPLE,True,156,data/acquisition/runs/20260724T193732Z-64b36f38/instruments/eurusd/chart_0023.json,822,False,,True,822,data/acquisition/runs/20260727T070056Z-537c3d90/run_manifest.json,,Saxo provider/source coverage,False,
eurusd,2022-06-30T22:00:00Z,2022-06-30T18:00:00-04:00,2022,6,Thursday,22,18,SAXO_RAW_NO_SAMPLE,True,156,data/acquisition/runs/20260724T193732Z-64b36f38/instruments/eurusd/chart_0022.json,822,False,,True,822,data/acquisition/runs/20260727T070056Z-537c3d90/run_manifest.json,,Saxo provider/source coverage,False,
eurusd,2022-06-30T23:00:00Z,2022-06-30T19:00:00-04:00,2022,6,Thursday,23,19,SAXO_RAW_NO_SAMPLE,True,156,data/acquisition/runs/20260724T193732Z-64b36f38/instruments/eurusd/chart_0022.json,822,False,,True,822,data/acquisition/runs/20260727T070056Z-537c3d90/run_manifest.json,,Saxo provider/source coverage,False,
eurusd,2022-07-31T22:00:00Z,2022-07-31T18:00:00-04:00,2022,7,Sunday,22,18,SAXO_RAW_NO_SAMPLE,True,156,data/acquisition/runs/20260724T193732Z-64b36f38/instruments/eurusd/chart_0022.json,822,False,,True,822,data/acquisition/runs/20260727T070056Z-537c3d90/run_manifest.json,,Saxo provider/source coverage,False,
eurusd,2022-07-31T23:00:00Z,2022-07-31T19:00:00-04:00,2022,7,Sunday,23,19,SAXO_RAW_NO_SAMPLE,True,156,data/acquisition/runs/20260724T193732Z-64b36f38/instruments/eurusd/chart_0022.json,822,False,,True,822,data/acquisition/runs/20260727T070056Z-537c3d90/run_manifest.json,,Saxo provider/source coverage,False,
eurusd,2022-08-31T22:00:00Z,2022-08-31T18:00:00-04:00,2022,8,Wednesday,22,18,SAXO_RAW_NO_SAMPLE,True,156,data/acquisition/runs/20260724T193732Z-64b36f38/instruments/eurusd/chart_0021.json,822,False,,True,822,data/acquisition/runs/20260727T070056Z-537c3d90/run_manifest.json,,Saxo provider/source coverage,False,
eurusd,2022-08-31T23:00:00Z,2022-08-31T19:00:00-04:00,2022,8,Wednesday,23,19,SAXO_RAW_NO_SAMPLE,True,156,data/acquisition/runs/20260724T193732Z-64b36f38/instruments/eurusd/chart_0021.json,822,False,,True,822,data/acquisition/runs/20260727T070056Z-537c3d90/run_manifest.json,,Saxo provider/source coverage,False,
eurusd,2022-10-31T22:00:00Z,2022-10-31T18:00:00-04:00,2022,10,Monday,22,18,SAXO_RAW_NO_SAMPLE,True,156,data/acquisition/runs/20260724T193732Z-64b36f38/instruments/eurusd/chart_0020.json,822,False,,True,822,data/acquisition/runs/20260727T070056Z-537c3d90/run_manifest.json,,Saxo provider/source coverage,False,
eurusd,2022-10-31T23:00:00Z,2022-10-31T19:00:00-04:00,2022,10,Monday,23,19,SAXO_RAW_NO_SAMPLE,True,156,data/acquisition/runs/20260724T193732Z-64b36f38/instruments/eurusd/chart_0020.json,822,False,,True,822,data/acquisition/runs/20260727T070056Z-537c3d90/run_manifest.json,,Saxo provider/source coverage,False,
eurusd,2022-11-30T23:00:00Z,2022-11-30T18:00:00-05:00,2022,11,Wednesday,23,18,SAXO_RAW_NO_SAMPLE,True,156,data/acquisition/runs/20260724T193732Z-64b36f38/instruments/eurusd/chart_0020.json,822,False,,True,822,data/acquisition/runs/20260727T070056Z-537c3d90/run_manifest.json,,Saxo provider/source coverage,False,
eurusd,2023-01-31T23:00:00Z,2023-01-31T18:00:00-05:00,2023,1,Tuesday,23,18,SAXO_RAW_NO_SAMPLE,True,156,data/acquisition/runs/20260724T193732Z-64b36f38/instruments/eurusd/chart_0019.json,822,False,,True,822,data/acquisition/runs/20260727T070056Z-537c3d90/run_manifest.json,,Saxo provider/source coverage,False,
eurusd,2023-02-28T23:00:00Z,2023-02-28T18:00:00-05:00,2023,2,Tuesday,23,18,SAXO_RAW_NO_SAMPLE,True,156,data/acquisition/runs/20260724T193732Z-64b36f38/instruments/eurusd/chart_0019.json,822,False,,True,822,data/acquisition/runs/20260727T070056Z-537c3d90/run_manifest.json,,Saxo provider/source coverage,False,
eurusd,2023-04-30T22:00:00Z,2023-04-30T18:00:00-04:00,2023,4,Sunday,22,18,SAXO_RAW_NO_SAMPLE,True,156,data/acquisition/runs/20260724T193732Z-64b36f38/instruments/eurusd/chart_0018.json,822,False,,True,822,data/acquisition/runs/20260727T070056Z-537c3d90/run_manifest.json,,Saxo provider/source coverage,False,
eurusd,2023-04-30T23:00:00Z,2023-04-30T19:00:00-04:00,2023,4,Sunday,23,19,SAXO_RAW_NO_SAMPLE,True,156,data/acquisition/runs/20260724T193732Z-64b36f38/instruments/eurusd/chart_0018.json,822,False,,True,822,data/acquisition/runs/20260727T070056Z-537c3d90/run_manifest.json,,Saxo provider/source coverage,False,
eurusd,2023-05-31T22:00:00Z,2023-05-31T18:00:00-04:00,2023,5,Wednesday,22,18,SAXO_RAW_NO_SAMPLE,True,156,data/acquisition/runs/20260724T193732Z-64b36f38/instruments/eurusd/chart_0017.json,822,False,,True,822,data/acquisition/runs/20260727T070056Z-537c3d90/run_manifest.json,,Saxo provider/source coverage,False,
eurusd,2023-05-31T23:00:00Z,2023-05-31T19:00:00-04:00,2023,5,Wednesday,23,19,SAXO_RAW_NO_SAMPLE,True,156,data/acquisition/runs/20260724T193732Z-64b36f38/instruments/eurusd/chart_0017.json,822,False,,True,822,data/acquisition/runs/20260727T070056Z-537c3d90/run_manifest.json,,Saxo provider/source coverage,False,
eurusd,2023-07-31T22:00:00Z,2023-07-31T18:00:00-04:00,2023,7,Monday,22,18,SAXO_RAW_NO_SAMPLE,True,156,data/acquisition/runs/20260724T193732Z-64b36f38/instruments/eurusd/chart_0016.json,822,False,,True,822,data/acquisition/runs/20260727T070056Z-537c3d90/run_manifest.json,,Saxo provider/source coverage,False,
eurusd,2023-07-31T23:00:00Z,2023-07-31T19:00:00-04:00,2023,7,Monday,23,19,SAXO_RAW_NO_SAMPLE,True,156,data/acquisition/runs/20260724T193732Z-64b36f38/instruments/eurusd/chart_0016.json,822,False,,True,822,data/acquisition/runs/20260727T070056Z-537c3d90/run_manifest.json,,Saxo provider/source coverage,False,
eurusd,2023-08-31T22:00:00Z,2023-08-31T18:00:00-04:00,2023,8,Thursday,22,18,SAXO_RAW_NO_SAMPLE,True,156,data/acquisition/runs/20260724T193732Z-64b36f38/instruments/eurusd/chart_0016.json,822,False,,True,822,data/acquisition/runs/20260727T070056Z-537c3d90/run_manifest.json,,Saxo provider/source coverage,False,
eurusd,2023-08-31T23:00:00Z,2023-08-31T19:00:00-04:00,2023,8,Thursday,23,19,SAXO_RAW_NO_SAMPLE,True,156,data/acquisition/runs/20260724T193732Z-64b36f38/instruments/eurusd/chart_0016.json,822,False,,True,822,data/acquisition/runs/20260727T070056Z-537c3d90/run_manifest.json,,Saxo provider/source coverage,False,
eurusd,2023-10-31T22:00:00Z,2023-10-31T18:00:00-04:00,2023,10,Tuesday,22,18,SAXO_RAW_NO_SAMPLE,True,156,data/acquisition/runs/20260724T193732Z-64b36f38/instruments/eurusd/chart_0015.json,822,False,,True,822,data/acquisition/runs/20260727T070056Z-537c3d90/run_manifest.json,,Saxo provider/source coverage,False,
eurusd,2023-10-31T23:00:00Z,2023-10-31T19:00:00-04:00,2023,10,Tuesday,23,19,SAXO_RAW_NO_SAMPLE,True,156,data/acquisition/runs/20260724T193732Z-64b36f38/instruments/eurusd/chart_0015.json,822,False,,True,822,data/acquisition/runs/20260727T070056Z-537c3d90/run_manifest.json,,Saxo provider/source coverage,False,
eurusd,2023-11-30T23:00:00Z,2023-11-30T18:00:00-05:00,2023,11,Thursday,23,18,SAXO_RAW_NO_SAMPLE,True,156,data/acquisition/runs/20260724T193732Z-64b36f38/instruments/eurusd/chart_0015.json,822,False,,True,822,data/acquisition/runs/20260727T070056Z-537c3d90/run_manifest.json,,Saxo provider/source coverage,False,
eurusd,2023-12-25T08:00:00Z,2023-12-25T03:00:00-05:00,2023,12,Monday,8,3,SAXO_RAW_NO_SAMPLE,False,,,,False,,True,822,data/acquisition/runs/20260727T070056Z-537c3d90/run_manifest.json,,Saxo provider/source coverage,False,
eurusd,2023-12-25T09:00:00Z,2023-12-25T04:00:00-05:00,2023,12,Monday,9,4,SAXO_RAW_NO_SAMPLE,False,,,,False,,True,822,data/acquisition/runs/20260727T070056Z-537c3d90/run_manifest.json,,Saxo provider/source coverage,False,
eurusd,2023-12-25T10:00:00Z,2023-12-25T05:00:00-05:00,2023,12,Monday,10,5,SAXO_RAW_NO_SAMPLE,False,,,,False,,True,822,data/acquisition/runs/20260727T070056Z-537c3d90/run_manifest.json,,Saxo provider/source coverage,False,
eurusd,2023-12-25T11:00:00Z,2023-12-25T06:00:00-05:00,2023,12,Monday,11,6,SAXO_RAW_NO_SAMPLE,False,,,,False,,True,822,data/acquisition/runs/20260727T070056Z-537c3d90/run_manifest.json,,Saxo provider/source coverage,False,
eurusd,2023-12-25T12:00:00Z,2023-12-25T07:00:00-05:00,2023,12,Monday,12,7,SAXO_RAW_NO_SAMPLE,False,,,,False,,True,822,data/acquisition/runs/20260727T070056Z-537c3d90/run_manifest.json,,Saxo provider/source coverage,False,
eurusd,2023-12-25T13:00:00Z,2023-12-25T08:00:00-05:00,2023,12,Monday,13,8,SAXO_RAW_NO_SAMPLE,False,,,,False,,True,822,data/acquisition/runs/20260727T070056Z-537c3d90/run_manifest.json,,Saxo provider/source coverage,False,
eurusd,2023-12-25T14:00:00Z,2023-12-25T09:00:00-05:00,2023,12,Monday,14,9,SAXO_RAW_NO_SAMPLE,False,,,,False,,True,822,data/acquisition/runs/20260727T070056Z-537c3d90/run_manifest.json,,Saxo provider/source coverage,False,
eurusd,2023-12-25T15:00:00Z,2023-12-25T10:00:00-05:00,2023,12,Monday,15,10,SAXO_RAW_NO_SAMPLE,False,,,,False,,True,822,data/acquisition/runs/20260727T070056Z-537c3d90/run_manifest.json,,Saxo provider/source coverage,False,
eurusd,2023-12-25T16:00:00Z,2023-12-25T11:00:00-05:00,2023,12,Monday,16,11,SAXO_RAW_NO_SAMPLE,False,,,,False,,True,822,data/acquisition/runs/20260727T070056Z-537c3d90/run_manifest.json,,Saxo provider/source coverage,False,
eurusd,2023-12-25T17:00:00Z,2023-12-25T12:00:00-05:00,2023,12,Monday,17,12,SAXO_RAW_NO_SAMPLE,False,,,,False,,True,822,data/acquisition/runs/20260727T070056Z-537c3d90/run_manifest.json,,Saxo provider/source coverage,False,
eurusd,2023-12-31T23:00:00Z,2023-12-31T18:00:00-05:00,2023,12,Sunday,23,18,SAXO_RAW_NO_SAMPLE,False,,,,False,,True,822,data/acquisition/runs/20260727T070056Z-537c3d90/run_manifest.json,,Saxo provider/source coverage,False,
eurusd,2024-01-01T00:00:00Z,2023-12-31T19:00:00-05:00,2024,1,Monday,0,19,SAXO_RAW_NO_SAMPLE,False,,,,False,,True,822,data/acquisition/runs/20260727T070056Z-537c3d90/run_manifest.json,,Saxo provider/source coverage,False,
eurusd,2024-01-01T01:00:00Z,2023-12-31T20:00:00-05:00,2024,1,Monday,1,20,SAXO_RAW_NO_SAMPLE,False,,,,False,,True,822,data/acquisition/runs/20260727T070056Z-537c3d90/run_manifest.json,,Saxo provider/source coverage,False,
eurusd,2024-01-01T02:00:00Z,2023-12-31T21:00:00-05:00,2024,1,Monday,2,21,SAXO_RAW_NO_SAMPLE,False,,,,False,,True,822,data/acquisition/runs/20260727T070056Z-537c3d90/run_manifest.json,,Saxo provider/source coverage,False,
eurusd,2024-01-01T03:00:00Z,2023-12-31T22:00:00-05:00,2024,1,Monday,3,22,SAXO_RAW_NO_SAMPLE,False,,,,False,,True,822,data/acquisition/runs/20260727T070056Z-537c3d90/run_manifest.json,,Saxo provider/source coverage,False,
eurusd,2024-01-01T04:00:00Z,2023-12-31T23:00:00-05:00,2024,1,Monday,4,23,SAXO_RAW_NO_SAMPLE,False,,,,False,,True,822,data/acquisition/runs/20260727T070056Z-537c3d90/run_manifest.json,,Saxo provider/source coverage,False,
eurusd,2024-01-01T05:00:00Z,2024-01-01T00:00:00-05:00,2024,1,Monday,5,0,SAXO_RAW_NO_SAMPLE,False,,,,False,,True,822,data/acquisition/runs/20260727T070056Z-537c3d90/run_manifest.json,,Saxo provider/source coverage,False,
eurusd,2024-01-01T06:00:00Z,2024-01-01T01:00:00-05:00,2024,1,Monday,6,1,SAXO_RAW_NO_SAMPLE,False,,,,False,,True,822,data/acquisition/runs/20260727T070056Z-537c3d90/run_manifest.json,,Saxo provider/source coverage,False,
eurusd,2024-01-01T07:00:00Z,2024-01-01T02:00:00-05:00,2024,1,Monday,7,2,SAXO_RAW_NO_SAMPLE,False,,,,False,,True,822,data/acquisition/runs/20260727T070056Z-537c3d90/run_manifest.json,,Saxo provider/source coverage,False,
eurusd,2024-01-01T08:00:00Z,2024-01-01T03:00:00-05:00,2024,1,Monday,8,3,SAXO_RAW_NO_SAMPLE,False,,,,False,,True,822,data/acquisition/runs/20260727T070056Z-537c3d90/run_manifest.json,,Saxo provider/source coverage,False,
eurusd,2024-01-01T09:00:00Z,2024-01-01T04:00:00-05:00,2024,1,Monday,9,4,SAXO_RAW_NO_SAMPLE,False,,,,False,,True,822,data/acquisition/runs/20260727T070056Z-537c3d90/run_manifest.json,,Saxo provider/source coverage,False,
eurusd,2024-01-01T10:00:00Z,2024-01-01T05:00:00-05:00,2024,1,Monday,10,5,SAXO_RAW_NO_SAMPLE,False,,,,False,,True,822,data/acquisition/runs/20260727T070056Z-537c3d90/run_manifest.json,,Saxo provider/source coverage,False,
eurusd,2024-01-01T11:00:00Z,2024-01-01T06:00:00-05:00,2024,1,Monday,11,6,SAXO_RAW_NO_SAMPLE,False,,,,False,,True,822,data/acquisition/runs/20260727T070056Z-537c3d90/run_manifest.json,,Saxo provider/source coverage,False,
eurusd,2024-01-01T12:00:00Z,2024-01-01T07:00:00-05:00,2024,1,Monday,12,7,SAXO_RAW_NO_SAMPLE,False,,,,False,,True,822,data/acquisition/runs/20260727T070056Z-537c3d90/run_manifest.json,,Saxo provider/source coverage,False,
eurusd,2024-01-01T13:00:00Z,2024-01-01T08:00:00-05:00,2024,1,Monday,13,8,SAXO_RAW_NO_SAMPLE,False,,,,False,,True,822,data/acquisition/runs/20260727T070056Z-537c3d90/run_manifest.json,,Saxo provider/source coverage,False,
eurusd,2024-01-01T14:00:00Z,2024-01-01T09:00:00-05:00,2024,1,Monday,14,9,SAXO_RAW_NO_SAMPLE,False,,,,False,,True,822,data/acquisition/runs/20260727T070056Z-537c3d90/run_manifest.json,,Saxo provider/source coverage,False,
eurusd,2024-01-01T15:00:00Z,2024-01-01T10:00:00-05:00,2024,1,Monday,15,10,SAXO_RAW_NO_SAMPLE,False,,,,False,,True,822,data/acquisition/runs/20260727T070056Z-537c3d90/run_manifest.json,,Saxo provider/source coverage,False,
eurusd,2024-01-01T16:00:00Z,2024-01-01T11:00:00-05:00,2024,1,Monday,16,11,SAXO_RAW_NO_SAMPLE,False,,,,False,,True,822,data/acquisition/runs/20260727T070056Z-537c3d90/run_manifest.json,,Saxo provider/source coverage,False,
eurusd,2024-01-01T17:00:00Z,2024-01-01T12:00:00-05:00,2024,1,Monday,17,12,SAXO_RAW_NO_SAMPLE,False,,,,False,,True,822,data/acquisition/runs/20260727T070056Z-537c3d90/run_manifest.json,,Saxo provider/source coverage,False,
eurusd,2024-01-31T23:00:00Z,2024-01-31T18:00:00-05:00,2024,1,Wednesday,23,18,SAXO_RAW_NO_SAMPLE,True,156,data/acquisition/runs/20260724T193732Z-64b36f38/instruments/eurusd/chart_0014.json,822,False,,True,822,data/acquisition/runs/20260727T070056Z-537c3d90/run_manifest.json,,Saxo provider/source coverage,False,
eurusd,2024-02-29T23:00:00Z,2024-02-29T18:00:00-05:00,2024,2,Thursday,23,18,SAXO_RAW_NO_SAMPLE,True,156,data/acquisition/runs/20260724T193732Z-64b36f38/instruments/eurusd/chart_0013.json,822,False,,True,822,data/acquisition/runs/20260727T070056Z-537c3d90/run_manifest.json,,Saxo provider/source coverage,False,
eurusd,2024-03-31T22:00:00Z,2024-03-31T18:00:00-04:00,2024,3,Sunday,22,18,SAXO_RAW_NO_SAMPLE,True,156,data/acquisition/runs/20260724T193732Z-64b36f38/instruments/eurusd/chart_0013.json,822,False,,True,822,data/acquisition/runs/20260727T070056Z-537c3d90/run_manifest.json,,Saxo provider/source coverage,False,
eurusd,2024-03-31T23:00:00Z,2024-03-31T19:00:00-04:00,2024,3,Sunday,23,19,SAXO_RAW_NO_SAMPLE,True,156,data/acquisition/runs/20260724T193732Z-64b36f38/instruments/eurusd/chart_0013.json,822,False,,True,822,data/acquisition/runs/20260727T070056Z-537c3d90/run_manifest.json,,Saxo provider/source coverage,False,
eurusd,2024-04-30T22:00:00Z,2024-04-30T18:00:00-04:00,2024,4,Tuesday,22,18,SAXO_RAW_NO_SAMPLE,True,156,data/acquisition/runs/20260724T193732Z-64b36f38/instruments/eurusd/chart_0012.json,822,False,,True,822,data/acquisition/runs/20260727T070056Z-537c3d90/run_manifest.json,,Saxo provider/source coverage,False,
eurusd,2024-04-30T23:00:00Z,2024-04-30T19:00:00-04:00,2024,4,Tuesday,23,19,SAXO_RAW_NO_SAMPLE,True,156,data/acquisition/runs/20260724T193732Z-64b36f38/instruments/eurusd/chart_0012.json,822,False,,True,822,data/acquisition/runs/20260727T070056Z-537c3d90/run_manifest.json,,Saxo provider/source coverage,False,
eurusd,2024-06-30T22:00:00Z,2024-06-30T18:00:00-04:00,2024,6,Sunday,22,18,SAXO_RAW_NO_SAMPLE,True,156,data/acquisition/runs/20260724T193732Z-64b36f38/instruments/eurusd/chart_0012.json,822,False,,True,822,data/acquisition/runs/20260727T070056Z-537c3d90/run_manifest.json,,Saxo provider/source coverage,False,
eurusd,2024-06-30T23:00:00Z,2024-06-30T19:00:00-04:00,2024,6,Sunday,23,19,SAXO_RAW_NO_SAMPLE,True,156,data/acquisition/runs/20260724T193732Z-64b36f38/instruments/eurusd/chart_0012.json,822,False,,True,822,data/acquisition/runs/20260727T070056Z-537c3d90/run_manifest.json,,Saxo provider/source coverage,False,
eurusd,2024-07-31T22:00:00Z,2024-07-31T18:00:00-04:00,2024,7,Wednesday,22,18,SAXO_RAW_NO_SAMPLE,True,156,data/acquisition/runs/20260724T193732Z-64b36f38/instruments/eurusd/chart_0011.json,822,False,,True,822,data/acquisition/runs/20260727T070056Z-537c3d90/run_manifest.json,,Saxo provider/source coverage,False,
eurusd,2024-07-31T23:00:00Z,2024-07-31T19:00:00-04:00,2024,7,Wednesday,23,19,SAXO_RAW_NO_SAMPLE,True,156,data/acquisition/runs/20260724T193732Z-64b36f38/instruments/eurusd/chart_0011.json,822,False,,True,822,data/acquisition/runs/20260727T070056Z-537c3d90/run_manifest.json,,Saxo provider/source coverage,False,
eurusd,2024-09-30T22:00:00Z,2024-09-30T18:00:00-04:00,2024,9,Monday,22,18,SAXO_RAW_NO_SAMPLE,True,156,data/acquisition/runs/20260724T193732Z-64b36f38/instruments/eurusd/chart_0010.json,822,False,,True,822,data/acquisition/runs/20260727T070056Z-537c3d90/run_manifest.json,,Saxo provider/source coverage,False,
eurusd,2024-09-30T23:00:00Z,2024-09-30T19:00:00-04:00,2024,9,Monday,23,19,SAXO_RAW_NO_SAMPLE,True,156,data/acquisition/runs/20260724T193732Z-64b36f38/instruments/eurusd/chart_0010.json,822,False,,True,822,data/acquisition/runs/20260727T070056Z-537c3d90/run_manifest.json,,Saxo provider/source coverage,False,
eurusd,2024-10-31T22:00:00Z,2024-10-31T18:00:00-04:00,2024,10,Thursday,22,18,SAXO_RAW_NO_SAMPLE,True,156,data/acquisition/runs/20260724T193732Z-64b36f38/instruments/eurusd/chart_0010.json,822,False,,True,822,data/acquisition/runs/20260727T070056Z-537c3d90/run_manifest.json,,Saxo provider/source coverage,False,
eurusd,2024-10-31T23:00:00Z,2024-10-31T19:00:00-04:00,2024,10,Thursday,23,19,SAXO_RAW_NO_SAMPLE,True,156,data/acquisition/runs/20260724T193732Z-64b36f38/instruments/eurusd/chart_0010.json,822,False,,True,822,data/acquisition/runs/20260727T070056Z-537c3d90/run_manifest.json,,Saxo provider/source coverage,False,
eurusd,2024-12-25T08:00:00Z,2024-12-25T03:00:00-05:00,2024,12,Wednesday,8,3,SAXO_RAW_NO_SAMPLE,False,,,,False,,True,822,data/acquisition/runs/20260727T070056Z-537c3d90/run_manifest.json,,Saxo provider/source coverage,False,
eurusd,2024-12-25T09:00:00Z,2024-12-25T04:00:00-05:00,2024,12,Wednesday,9,4,SAXO_RAW_NO_SAMPLE,False,,,,False,,True,822,data/acquisition/runs/20260727T070056Z-537c3d90/run_manifest.json,,Saxo provider/source coverage,False,
eurusd,2024-12-25T10:00:00Z,2024-12-25T05:00:00-05:00,2024,12,Wednesday,10,5,SAXO_RAW_NO_SAMPLE,False,,,,False,,True,822,data/acquisition/runs/20260727T070056Z-537c3d90/run_manifest.json,,Saxo provider/source coverage,False,
eurusd,2024-12-25T11:00:00Z,2024-12-25T06:00:00-05:00,2024,12,Wednesday,11,6,SAXO_RAW_NO_SAMPLE,False,,,,False,,True,822,data/acquisition/runs/20260727T070056Z-537c3d90/run_manifest.json,,Saxo provider/source coverage,False,
eurusd,2024-12-25T12:00:00Z,2024-12-25T07:00:00-05:00,2024,12,Wednesday,12,7,SAXO_RAW_NO_SAMPLE,False,,,,False,,True,822,data/acquisition/runs/20260727T070056Z-537c3d90/run_manifest.json,,Saxo provider/source coverage,False,
eurusd,2024-12-25T13:00:00Z,2024-12-25T08:00:00-05:00,2024,12,Wednesday,13,8,SAXO_RAW_NO_SAMPLE,False,,,,False,,True,822,data/acquisition/runs/20260727T070056Z-537c3d90/run_manifest.json,,Saxo provider/source coverage,False,
eurusd,2024-12-25T14:00:00Z,2024-12-25T09:00:00-05:00,2024,12,Wednesday,14,9,SAXO_RAW_NO_SAMPLE,False,,,,False,,True,822,data/acquisition/runs/20260727T070056Z-537c3d90/run_manifest.json,,Saxo provider/source coverage,False,
eurusd,2024-12-25T15:00:00Z,2024-12-25T10:00:00-05:00,2024,12,Wednesday,15,10,SAXO_RAW_NO_SAMPLE,False,,,,False,,True,822,data/acquisition/runs/20260727T070056Z-537c3d90/run_manifest.json,,Saxo provider/source coverage,False,
eurusd,2024-12-25T16:00:00Z,2024-12-25T11:00:00-05:00,2024,12,Wednesday,16,11,SAXO_RAW_NO_SAMPLE,False,,,,False,,True,822,data/acquisition/runs/20260727T070056Z-537c3d90/run_manifest.json,,Saxo provider/source coverage,False,
eurusd,2024-12-25T17:00:00Z,2024-12-25T12:00:00-05:00,2024,12,Wednesday,17,12,SAXO_RAW_NO_SAMPLE,False,,,,False,,True,822,data/acquisition/runs/20260727T070056Z-537c3d90/run_manifest.json,,Saxo provider/source coverage,False,
eurusd,2024-12-31T23:00:00Z,2024-12-31T18:00:00-05:00,2024,12,Tuesday,23,18,SAXO_RAW_NO_SAMPLE,False,,,,False,,True,822,data/acquisition/runs/20260727T070056Z-537c3d90/run_manifest.json,,Saxo provider/source coverage,False,
eurusd,2025-01-01T00:00:00Z,2024-12-31T19:00:00-05:00,2025,1,Wednesday,0,19,SAXO_RAW_NO_SAMPLE,False,,,,False,,True,822,data/acquisition/runs/20260727T070056Z-537c3d90/run_manifest.json,,Saxo provider/source coverage,False,
eurusd,2025-01-01T01:00:00Z,2024-12-31T20:00:00-05:00,2025,1,Wednesday,1,20,SAXO_RAW_NO_SAMPLE,False,,,,False,,True,822,data/acquisition/runs/20260727T070056Z-537c3d90/run_manifest.json,,Saxo provider/source coverage,False,
eurusd,2025-01-01T02:00:00Z,2024-12-31T21:00:00-05:00,2025,1,Wednesday,2,21,SAXO_RAW_NO_SAMPLE,False,,,,False,,True,822,data/acquisition/runs/20260727T070056Z-537c3d90/run_manifest.json,,Saxo provider/source coverage,False,
eurusd,2025-01-01T03:00:00Z,2024-12-31T22:00:00-05:00,2025,1,Wednesday,3,22,SAXO_RAW_NO_SAMPLE,False,,,,False,,True,822,data/acquisition/runs/20260727T070056Z-537c3d90/run_manifest.json,,Saxo provider/source coverage,False,
eurusd,2025-01-01T04:00:00Z,2024-12-31T23:00:00-05:00,2025,1,Wednesday,4,23,SAXO_RAW_NO_SAMPLE,False,,,,False,,True,822,data/acquisition/runs/20260727T070056Z-537c3d90/run_manifest.json,,Saxo provider/source coverage,False,
eurusd,2025-01-01T05:00:00Z,2025-01-01T00:00:00-05:00,2025,1,Wednesday,5,0,SAXO_RAW_NO_SAMPLE,False,,,,False,,True,822,data/acquisition/runs/20260727T070056Z-537c3d90/run_manifest.json,,Saxo provider/source coverage,False,
eurusd,2025-01-01T06:00:00Z,2025-01-01T01:00:00-05:00,2025,1,Wednesday,6,1,SAXO_RAW_NO_SAMPLE,False,,,,False,,True,822,data/acquisition/runs/20260727T070056Z-537c3d90/run_manifest.json,,Saxo provider/source coverage,False,
eurusd,2025-01-01T07:00:00Z,2025-01-01T02:00:00-05:00,2025,1,Wednesday,7,2,SAXO_RAW_NO_SAMPLE,False,,,,False,,True,822,data/acquisition/runs/20260727T070056Z-537c3d90/run_manifest.json,,Saxo provider/source coverage,False,
eurusd,2025-01-01T08:00:00Z,2025-01-01T03:00:00-05:00,2025,1,Wednesday,8,3,SAXO_RAW_NO_SAMPLE,False,,,,False,,True,822,data/acquisition/runs/20260727T070056Z-537c3d90/run_manifest.json,,Saxo provider/source coverage,False,
eurusd,2025-01-01T09:00:00Z,2025-01-01T04:00:00-05:00,2025,1,Wednesday,9,4,SAXO_RAW_NO_SAMPLE,False,,,,False,,True,822,data/acquisition/runs/20260727T070056Z-537c3d90/run_manifest.json,,Saxo provider/source coverage,False,
eurusd,2025-01-01T10:00:00Z,2025-01-01T05:00:00-05:00,2025,1,Wednesday,10,5,SAXO_RAW_NO_SAMPLE,False,,,,False,,True,822,data/acquisition/runs/20260727T070056Z-537c3d90/run_manifest.json,,Saxo provider/source coverage,False,
eurusd,2025-01-01T11:00:00Z,2025-01-01T06:00:00-05:00,2025,1,Wednesday,11,6,SAXO_RAW_NO_SAMPLE,False,,,,False,,True,822,data/acquisition/runs/20260727T070056Z-537c3d90/run_manifest.json,,Saxo provider/source coverage,False,
eurusd,2025-01-01T12:00:00Z,2025-01-01T07:00:00-05:00,2025,1,Wednesday,12,7,SAXO_RAW_NO_SAMPLE,False,,,,False,,True,822,data/acquisition/runs/20260727T070056Z-537c3d90/run_manifest.json,,Saxo provider/source coverage,False,
eurusd,2025-01-01T13:00:00Z,2025-01-01T08:00:00-05:00,2025,1,Wednesday,13,8,SAXO_RAW_NO_SAMPLE,False,,,,False,,True,822,data/acquisition/runs/20260727T070056Z-537c3d90/run_manifest.json,,Saxo provider/source coverage,False,
eurusd,2025-01-01T14:00:00Z,2025-01-01T09:00:00-05:00,2025,1,Wednesday,14,9,SAXO_RAW_NO_SAMPLE,False,,,,False,,True,822,data/acquisition/runs/20260727T070056Z-537c3d90/run_manifest.json,,Saxo provider/source coverage,False,
eurusd,2025-01-01T15:00:00Z,2025-01-01T10:00:00-05:00,2025,1,Wednesday,15,10,SAXO_RAW_NO_SAMPLE,False,,,,False,,True,822,data/acquisition/runs/20260727T070056Z-537c3d90/run_manifest.json,,Saxo provider/source coverage,False,
eurusd,2025-01-01T16:00:00Z,2025-01-01T11:00:00-05:00,2025,1,Wednesday,16,11,SAXO_RAW_NO_SAMPLE,False,,,,False,,True,822,data/acquisition/runs/20260727T070056Z-537c3d90/run_manifest.json,,Saxo provider/source coverage,False,
eurusd,2025-01-01T17:00:00Z,2025-01-01T12:00:00-05:00,2025,1,Wednesday,17,12,SAXO_RAW_NO_SAMPLE,False,,,,False,,True,822,data/acquisition/runs/20260727T070056Z-537c3d90/run_manifest.json,,Saxo provider/source coverage,False,
eurusd,2025-03-31T22:00:00Z,2025-03-31T18:00:00-04:00,2025,3,Monday,22,18,SAXO_RAW_NO_SAMPLE,True,156,data/acquisition/runs/20260724T193732Z-64b36f38/instruments/eurusd/chart_0008.json,822,False,,True,822,data/acquisition/runs/20260727T070056Z-537c3d90/run_manifest.json,,Saxo provider/source coverage,False,
eurusd,2025-03-31T23:00:00Z,2025-03-31T19:00:00-04:00,2025,3,Monday,23,19,SAXO_RAW_NO_SAMPLE,True,156,data/acquisition/runs/20260724T193732Z-64b36f38/instruments/eurusd/chart_0008.json,822,False,,True,822,data/acquisition/runs/20260727T070056Z-537c3d90/run_manifest.json,,Saxo provider/source coverage,False,
eurusd,2025-04-30T22:00:00Z,2025-04-30T18:00:00-04:00,2025,4,Wednesday,22,18,SAXO_RAW_NO_SAMPLE,True,156,data/acquisition/runs/20260724T193732Z-64b36f38/instruments/eurusd/chart_0007.json,822,False,,True,822,data/acquisition/runs/20260727T070056Z-537c3d90/run_manifest.json,,Saxo provider/source coverage,False,
eurusd,2025-04-30T23:00:00Z,2025-04-30T19:00:00-04:00,2025,4,Wednesday,23,19,SAXO_RAW_NO_SAMPLE,True,156,data/acquisition/runs/20260724T193732Z-64b36f38/instruments/eurusd/chart_0007.json,822,False,,True,822,data/acquisition/runs/20260727T070056Z-537c3d90/run_manifest.json,,Saxo provider/source coverage,False,
eurusd,2025-12-25T08:00:00Z,2025-12-25T03:00:00-05:00,2025,12,Thursday,8,3,SAXO_RAW_NO_SAMPLE,False,,,,False,,True,822,data/acquisition/runs/20260727T070056Z-537c3d90/run_manifest.json,,Saxo provider/source coverage,False,
eurusd,2025-12-25T09:00:00Z,2025-12-25T04:00:00-05:00,2025,12,Thursday,9,4,SAXO_RAW_NO_SAMPLE,False,,,,False,,True,822,data/acquisition/runs/20260727T070056Z-537c3d90/run_manifest.json,,Saxo provider/source coverage,False,
eurusd,2025-12-25T10:00:00Z,2025-12-25T05:00:00-05:00,2025,12,Thursday,10,5,SAXO_RAW_NO_SAMPLE,False,,,,False,,True,822,data/acquisition/runs/20260727T070056Z-537c3d90/run_manifest.json,,Saxo provider/source coverage,False,
eurusd,2025-12-25T11:00:00Z,2025-12-25T06:00:00-05:00,2025,12,Thursday,11,6,SAXO_RAW_NO_SAMPLE,False,,,,False,,True,822,data/acquisition/runs/20260727T070056Z-537c3d90/run_manifest.json,,Saxo provider/source coverage,False,
eurusd,2025-12-25T12:00:00Z,2025-12-25T07:00:00-05:00,2025,12,Thursday,12,7,SAXO_RAW_NO_SAMPLE,False,,,,False,,True,822,data/acquisition/runs/20260727T070056Z-537c3d90/run_manifest.json,,Saxo provider/source coverage,False,
eurusd,2025-12-25T13:00:00Z,2025-12-25T08:00:00-05:00,2025,12,Thursday,13,8,SAXO_RAW_NO_SAMPLE,False,,,,False,,True,822,data/acquisition/runs/20260727T070056Z-537c3d90/run_manifest.json,,Saxo provider/source coverage,False,
eurusd,2025-12-25T14:00:00Z,2025-12-25T09:00:00-05:00,2025,12,Thursday,14,9,SAXO_RAW_NO_SAMPLE,False,,,,False,,True,822,data/acquisition/runs/20260727T070056Z-537c3d90/run_manifest.json,,Saxo provider/source coverage,False,
eurusd,2025-12-25T15:00:00Z,2025-12-25T10:00:00-05:00,2025,12,Thursday,15,10,SAXO_RAW_NO_SAMPLE,False,,,,False,,True,822,data/acquisition/runs/20260727T070056Z-537c3d90/run_manifest.json,,Saxo provider/source coverage,False,
eurusd,2025-12-25T16:00:00Z,2025-12-25T11:00:00-05:00,2025,12,Thursday,16,11,SAXO_RAW_NO_SAMPLE,False,,,,False,,True,822,data/acquisition/runs/20260727T070056Z-537c3d90/run_manifest.json,,Saxo provider/source coverage,False,
eurusd,2025-12-25T17:00:00Z,2025-12-25T12:00:00-05:00,2025,12,Thursday,17,12,SAXO_RAW_NO_SAMPLE,False,,,,False,,True,822,data/acquisition/runs/20260727T070056Z-537c3d90/run_manifest.json,,Saxo provider/source coverage,False,
eurusd,2025-12-31T23:00:00Z,2025-12-31T18:00:00-05:00,2025,12,Wednesday,23,18,SAXO_RAW_NO_SAMPLE,False,,,,False,,True,822,data/acquisition/runs/20260727T070056Z-537c3d90/run_manifest.json,,Saxo provider/source coverage,False,
eurusd,2026-01-01T00:00:00Z,2025-12-31T19:00:00-05:00,2026,1,Thursday,0,19,SAXO_RAW_NO_SAMPLE,False,,,,False,,True,822,data/acquisition/runs/20260727T070056Z-537c3d90/run_manifest.json,,Saxo provider/source coverage,False,
eurusd,2026-01-01T01:00:00Z,2025-12-31T20:00:00-05:00,2026,1,Thursday,1,20,SAXO_RAW_NO_SAMPLE,False,,,,False,,True,822,data/acquisition/runs/20260727T070056Z-537c3d90/run_manifest.json,,Saxo provider/source coverage,False,
eurusd,2026-01-01T02:00:00Z,2025-12-31T21:00:00-05:00,2026,1,Thursday,2,21,SAXO_RAW_NO_SAMPLE,False,,,,False,,True,822,data/acquisition/runs/20260727T070056Z-537c3d90/run_manifest.json,,Saxo provider/source coverage,False,
eurusd,2026-01-01T03:00:00Z,2025-12-31T22:00:00-05:00,2026,1,Thursday,3,22,SAXO_RAW_NO_SAMPLE,False,,,,False,,True,822,data/acquisition/runs/20260727T070056Z-537c3d90/run_manifest.json,,Saxo provider/source coverage,False,
eurusd,2026-01-01T04:00:00Z,2025-12-31T23:00:00-05:00,2026,1,Thursday,4,23,SAXO_RAW_NO_SAMPLE,False,,,,False,,True,822,data/acquisition/runs/20260727T070056Z-537c3d90/run_manifest.json,,Saxo provider/source coverage,False,
eurusd,2026-01-01T05:00:00Z,2026-01-01T00:00:00-05:00,2026,1,Thursday,5,0,SAXO_RAW_NO_SAMPLE,False,,,,False,,True,822,data/acquisition/runs/20260727T070056Z-537c3d90/run_manifest.json,,Saxo provider/source coverage,False,
eurusd,2026-01-01T06:00:00Z,2026-01-01T01:00:00-05:00,2026,1,Thursday,6,1,SAXO_RAW_NO_SAMPLE,False,,,,False,,True,822,data/acquisition/runs/20260727T070056Z-537c3d90/run_manifest.json,,Saxo provider/source coverage,False,
eurusd,2026-01-01T07:00:00Z,2026-01-01T02:00:00-05:00,2026,1,Thursday,7,2,SAXO_RAW_NO_SAMPLE,False,,,,False,,True,822,data/acquisition/runs/20260727T070056Z-537c3d90/run_manifest.json,,Saxo provider/source coverage,False,
eurusd,2026-01-01T08:00:00Z,2026-01-01T03:00:00-05:00,2026,1,Thursday,8,3,SAXO_RAW_NO_SAMPLE,False,,,,False,,True,822,data/acquisition/runs/20260727T070056Z-537c3d90/run_manifest.json,,Saxo provider/source coverage,False,
eurusd,2026-01-01T09:00:00Z,2026-01-01T04:00:00-05:00,2026,1,Thursday,9,4,SAXO_RAW_NO_SAMPLE,False,,,,False,,True,822,data/acquisition/runs/20260727T070056Z-537c3d90/run_manifest.json,,Saxo provider/source coverage,False,
eurusd,2026-01-01T10:00:00Z,2026-01-01T05:00:00-05:00,2026,1,Thursday,10,5,SAXO_RAW_NO_SAMPLE,False,,,,False,,True,822,data/acquisition/runs/20260727T070056Z-537c3d90/run_manifest.json,,Saxo provider/source coverage,False,
eurusd,2026-01-01T11:00:00Z,2026-01-01T06:00:00-05:00,2026,1,Thursday,11,6,SAXO_RAW_NO_SAMPLE,False,,,,False,,True,822,data/acquisition/runs/20260727T070056Z-537c3d90/run_manifest.json,,Saxo provider/source coverage,False,
eurusd,2026-01-01T12:00:00Z,2026-01-01T07:00:00-05:00,2026,1,Thursday,12,7,SAXO_RAW_NO_SAMPLE,False,,,,False,,True,822,data/acquisition/runs/20260727T070056Z-537c3d90/run_manifest.json,,Saxo provider/source coverage,False,
eurusd,2026-01-01T13:00:00Z,2026-01-01T08:00:00-05:00,2026,1,Thursday,13,8,SAXO_RAW_NO_SAMPLE,False,,,,False,,True,822,data/acquisition/runs/20260727T070056Z-537c3d90/run_manifest.json,,Saxo provider/source coverage,False,
eurusd,2026-01-01T14:00:00Z,2026-01-01T09:00:00-05:00,2026,1,Thursday,14,9,SAXO_RAW_NO_SAMPLE,False,,,,False,,True,822,data/acquisition/runs/20260727T070056Z-537c3d90/run_manifest.json,,Saxo provider/source coverage,False,
eurusd,2026-01-01T15:00:00Z,2026-01-01T10:00:00-05:00,2026,1,Thursday,15,10,SAXO_RAW_NO_SAMPLE,False,,,,False,,True,822,data/acquisition/runs/20260727T070056Z-537c3d90/run_manifest.json,,Saxo provider/source coverage,False,
eurusd,2026-01-01T16:00:00Z,2026-01-01T11:00:00-05:00,2026,1,Thursday,16,11,SAXO_RAW_NO_SAMPLE,False,,,,False,,True,822,data/acquisition/runs/20260727T070056Z-537c3d90/run_manifest.json,,Saxo provider/source coverage,False,
eurusd,2026-01-01T17:00:00Z,2026-01-01T12:00:00-05:00,2026,1,Thursday,17,12,SAXO_RAW_NO_SAMPLE,False,,,,False,,True,822,data/acquisition/runs/20260727T070056Z-537c3d90/run_manifest.json,,Saxo provider/source coverage,False,
usdjpy,2011-12-26T07:00:00Z,2011-12-26T02:00:00-05:00,2011,12,Monday,7,2,SAXO_RAW_NO_SAMPLE,False,,,,False,,True,158,data/acquisition/runs/20260724T194142Z-90ed6449/run_manifest.json,,Saxo provider/source coverage,False,
usdjpy,2011-12-26T08:00:00Z,2011-12-26T03:00:00-05:00,2011,12,Monday,8,3,SAXO_RAW_NO_SAMPLE,False,,,,False,,True,158,data/acquisition/runs/20260724T194142Z-90ed6449/run_manifest.json,,Saxo provider/source coverage,False,
usdjpy,2011-12-26T09:00:00Z,2011-12-26T04:00:00-05:00,2011,12,Monday,9,4,SAXO_RAW_NO_SAMPLE,False,,,,False,,True,158,data/acquisition/runs/20260724T194142Z-90ed6449/run_manifest.json,,Saxo provider/source coverage,False,
usdjpy,2011-12-26T10:00:00Z,2011-12-26T05:00:00-05:00,2011,12,Monday,10,5,SAXO_RAW_NO_SAMPLE,False,,,,False,,True,158,data/acquisition/runs/20260724T194142Z-90ed6449/run_manifest.json,,Saxo provider/source coverage,False,
usdjpy,2011-12-26T11:00:00Z,2011-12-26T06:00:00-05:00,2011,12,Monday,11,6,SAXO_RAW_NO_SAMPLE,False,,,,False,,True,158,data/acquisition/runs/20260724T194142Z-90ed6449/run_manifest.json,,Saxo provider/source coverage,False,
usdjpy,2011-12-26T12:00:00Z,2011-12-26T07:00:00-05:00,2011,12,Monday,12,7,SAXO_RAW_NO_SAMPLE,False,,,,False,,True,158,data/acquisition/runs/20260724T194142Z-90ed6449/run_manifest.json,,Saxo provider/source coverage,False,
usdjpy,2011-12-26T13:00:00Z,2011-12-26T08:00:00-05:00,2011,12,Monday,13,8,SAXO_RAW_NO_SAMPLE,False,,,,False,,True,158,data/acquisition/runs/20260724T194142Z-90ed6449/run_manifest.json,,Saxo provider/source coverage,False,
usdjpy,2011-12-26T14:00:00Z,2011-12-26T09:00:00-05:00,2011,12,Monday,14,9,SAXO_RAW_NO_SAMPLE,False,,,,False,,True,158,data/acquisition/runs/20260724T194142Z-90ed6449/run_manifest.json,,Saxo provider/source coverage,False,
usdjpy,2011-12-26T15:00:00Z,2011-12-26T10:00:00-05:00,2011,12,Monday,15,10,SAXO_RAW_NO_SAMPLE,False,,,,False,,True,158,data/acquisition/runs/20260724T194142Z-90ed6449/run_manifest.json,,Saxo provider/source coverage,False,
usdjpy,2011-12-26T16:00:00Z,2011-12-26T11:00:00-05:00,2011,12,Monday,16,11,SAXO_RAW_NO_SAMPLE,False,,,,False,,True,158,data/acquisition/runs/20260724T194142Z-90ed6449/run_manifest.json,,Saxo provider/source coverage,False,
usdjpy,2012-01-01T23:00:00Z,2012-01-01T18:00:00-05:00,2012,1,Sunday,23,18,SAXO_RAW_NO_SAMPLE,False,,,,False,,True,158,data/acquisition/runs/20260724T194142Z-90ed6449/run_manifest.json,,Saxo provider/source coverage,False,
usdjpy,2012-01-02T00:00:00Z,2012-01-01T19:00:00-05:00,2012,1,Monday,0,19,SAXO_RAW_NO_SAMPLE,False,,,,False,,True,158,data/acquisition/runs/20260724T194142Z-90ed6449/run_manifest.json,,Saxo provider/source coverage,False,
usdjpy,2012-01-02T01:00:00Z,2012-01-01T20:00:00-05:00,2012,1,Monday,1,20,SAXO_RAW_NO_SAMPLE,False,,,,False,,True,158,data/acquisition/runs/20260724T194142Z-90ed6449/run_manifest.json,,Saxo provider/source coverage,False,
usdjpy,2012-01-02T02:00:00Z,2012-01-01T21:00:00-05:00,2012,1,Monday,2,21,SAXO_RAW_NO_SAMPLE,False,,,,False,,True,158,data/acquisition/runs/20260724T194142Z-90ed6449/run_manifest.json,,Saxo provider/source coverage,False,
usdjpy,2012-01-02T03:00:00Z,2012-01-01T22:00:00-05:00,2012,1,Monday,3,22,SAXO_RAW_NO_SAMPLE,False,,,,False,,True,158,data/acquisition/runs/20260724T194142Z-90ed6449/run_manifest.json,,Saxo provider/source coverage,False,
usdjpy,2012-01-02T04:00:00Z,2012-01-01T23:00:00-05:00,2012,1,Monday,4,23,SAXO_RAW_NO_SAMPLE,False,,,,False,,True,158,data/acquisition/runs/20260724T194142Z-90ed6449/run_manifest.json,,Saxo provider/source coverage,False,
usdjpy,2012-12-25T07:00:00Z,2012-12-25T02:00:00-05:00,2012,12,Tuesday,7,2,SAXO_RAW_NO_SAMPLE,False,,,,False,,True,158,data/acquisition/runs/20260724T194142Z-90ed6449/run_manifest.json,,Saxo provider/source coverage,False,
usdjpy,2012-12-25T08:00:00Z,2012-12-25T03:00:00-05:00,2012,12,Tuesday,8,3,SAXO_RAW_NO_SAMPLE,False,,,,False,,True,158,data/acquisition/runs/20260724T194142Z-90ed6449/run_manifest.json,,Saxo provider/source coverage,False,
usdjpy,2012-12-25T09:00:00Z,2012-12-25T04:00:00-05:00,2012,12,Tuesday,9,4,SAXO_RAW_NO_SAMPLE,False,,,,False,,True,158,data/acquisition/runs/20260724T194142Z-90ed6449/run_manifest.json,,Saxo provider/source coverage,False,
usdjpy,2012-12-25T10:00:00Z,2012-12-25T05:00:00-05:00,2012,12,Tuesday,10,5,SAXO_RAW_NO_SAMPLE,False,,,,False,,True,158,data/acquisition/runs/20260724T194142Z-90ed6449/run_manifest.json,,Saxo provider/source coverage,False,
usdjpy,2012-12-25T11:00:00Z,2012-12-25T06:00:00-05:00,2012,12,Tuesday,11,6,SAXO_RAW_NO_SAMPLE,False,,,,False,,True,158,data/acquisition/runs/20260724T194142Z-90ed6449/run_manifest.json,,Saxo provider/source coverage,False,
usdjpy,2012-12-25T12:00:00Z,2012-12-25T07:00:00-05:00,2012,12,Tuesday,12,7,SAXO_RAW_NO_SAMPLE,False,,,,False,,True,158,data/acquisition/runs/20260724T194142Z-90ed6449/run_manifest.json,,Saxo provider/source coverage,False,
usdjpy,2012-12-25T13:00:00Z,2012-12-25T08:00:00-05:00,2012,12,Tuesday,13,8,SAXO_RAW_NO_SAMPLE,False,,,,False,,True,158,data/acquisition/runs/20260724T194142Z-90ed6449/run_manifest.json,,Saxo provider/source coverage,False,
usdjpy,2012-12-25T14:00:00Z,2012-12-25T09:00:00-05:00,2012,12,Tuesday,14,9,SAXO_RAW_NO_SAMPLE,False,,,,False,,True,158,data/acquisition/runs/20260724T194142Z-90ed6449/run_manifest.json,,Saxo provider/source coverage,False,
usdjpy,2012-12-25T15:00:00Z,2012-12-25T10:00:00-05:00,2012,12,Tuesday,15,10,SAXO_RAW_NO_SAMPLE,False,,,,False,,True,158,data/acquisition/runs/20260724T194142Z-90ed6449/run_manifest.json,,Saxo provider/source coverage,False,
usdjpy,2012-12-25T16:00:00Z,2012-12-25T11:00:00-05:00,2012,12,Tuesday,16,11,SAXO_RAW_NO_SAMPLE,False,,,,False,,True,158,data/acquisition/runs/20260724T194142Z-90ed6449/run_manifest.json,,Saxo provider/source coverage,False,
usdjpy,2012-12-25T17:00:00Z,2012-12-25T12:00:00-05:00,2012,12,Tuesday,17,12,SAXO_RAW_NO_SAMPLE,False,,,,False,,True,158,data/acquisition/runs/20260724T194142Z-90ed6449/run_manifest.json,,Saxo provider/source coverage,False,
usdjpy,2012-12-25T18:00:00Z,2012-12-25T13:00:00-05:00,2012,12,Tuesday,18,13,SAXO_RAW_NO_SAMPLE,False,,,,False,,True,158,data/acquisition/runs/20260724T194142Z-90ed6449/run_manifest.json,,Saxo provider/source coverage,False,
usdjpy,2012-12-25T19:00:00Z,2012-12-25T14:00:00-05:00,2012,12,Tuesday,19,14,SAXO_RAW_NO_SAMPLE,False,,,,False,,True,158,data/acquisition/runs/20260724T194142Z-90ed6449/run_manifest.json,,Saxo provider/source coverage,False,
usdjpy,2012-12-25T20:00:00Z,2012-12-25T15:00:00-05:00,2012,12,Tuesday,20,15,SAXO_RAW_NO_SAMPLE,False,,,,False,,True,158,data/acquisition/runs/20260724T194142Z-90ed6449/run_manifest.json,,Saxo provider/source coverage,False,
usdjpy,2012-12-31T23:00:00Z,2012-12-31T18:00:00-05:00,2012,12,Monday,23,18,SAXO_RAW_NO_SAMPLE,False,,,,False,,True,158,data/acquisition/runs/20260724T194142Z-90ed6449/run_manifest.json,,Saxo provider/source coverage,False,
usdjpy,2013-01-01T00:00:00Z,2012-12-31T19:00:00-05:00,2013,1,Tuesday,0,19,SAXO_RAW_NO_SAMPLE,False,,,,False,,True,158,data/acquisition/runs/20260724T194142Z-90ed6449/run_manifest.json,,Saxo provider/source coverage,False,
usdjpy,2013-01-01T01:00:00Z,2012-12-31T20:00:00-05:00,2013,1,Tuesday,1,20,SAXO_RAW_NO_SAMPLE,False,,,,False,,True,158,data/acquisition/runs/20260724T194142Z-90ed6449/run_manifest.json,,Saxo provider/source coverage,False,
usdjpy,2013-01-01T02:00:00Z,2012-12-31T21:00:00-05:00,2013,1,Tuesday,2,21,SAXO_RAW_NO_SAMPLE,False,,,,False,,True,158,data/acquisition/runs/20260724T194142Z-90ed6449/run_manifest.json,,Saxo provider/source coverage,False,
usdjpy,2013-01-01T03:00:00Z,2012-12-31T22:00:00-05:00,2013,1,Tuesday,3,22,SAXO_RAW_NO_SAMPLE,False,,,,False,,True,158,data/acquisition/runs/20260724T194142Z-90ed6449/run_manifest.json,,Saxo provider/source coverage,False,
usdjpy,2013-01-01T04:00:00Z,2012-12-31T23:00:00-05:00,2013,1,Tuesday,4,23,SAXO_RAW_NO_SAMPLE,False,,,,False,,True,158,data/acquisition/runs/20260724T194142Z-90ed6449/run_manifest.json,,Saxo provider/source coverage,False,
usdjpy,2013-01-01T05:00:00Z,2013-01-01T00:00:00-05:00,2013,1,Tuesday,5,0,SAXO_RAW_NO_SAMPLE,False,,,,False,,True,158,data/acquisition/runs/20260724T194142Z-90ed6449/run_manifest.json,,Saxo provider/source coverage,False,
usdjpy,2013-01-01T06:00:00Z,2013-01-01T01:00:00-05:00,2013,1,Tuesday,6,1,SAXO_RAW_NO_SAMPLE,False,,,,False,,True,158,data/acquisition/runs/20260724T194142Z-90ed6449/run_manifest.json,,Saxo provider/source coverage,False,
usdjpy,2013-01-01T07:00:00Z,2013-01-01T02:00:00-05:00,2013,1,Tuesday,7,2,SAXO_RAW_NO_SAMPLE,False,,,,False,,True,158,data/acquisition/runs/20260724T194142Z-90ed6449/run_manifest.json,,Saxo provider/source coverage,False,
usdjpy,2013-01-01T08:00:00Z,2013-01-01T03:00:00-05:00,2013,1,Tuesday,8,3,SAXO_RAW_NO_SAMPLE,False,,,,False,,True,158,data/acquisition/runs/20260724T194142Z-90ed6449/run_manifest.json,,Saxo provider/source coverage,False,
usdjpy,2013-01-01T09:00:00Z,2013-01-01T04:00:00-05:00,2013,1,Tuesday,9,4,SAXO_RAW_NO_SAMPLE,False,,,,False,,True,158,data/acquisition/runs/20260724T194142Z-90ed6449/run_manifest.json,,Saxo provider/source coverage,False,
usdjpy,2013-01-01T10:00:00Z,2013-01-01T05:00:00-05:00,2013,1,Tuesday,10,5,SAXO_RAW_NO_SAMPLE,False,,,,False,,True,158,data/acquisition/runs/20260724T194142Z-90ed6449/run_manifest.json,,Saxo provider/source coverage,False,
usdjpy,2013-01-01T11:00:00Z,2013-01-01T06:00:00-05:00,2013,1,Tuesday,11,6,SAXO_RAW_NO_SAMPLE,False,,,,False,,True,158,data/acquisition/runs/20260724T194142Z-90ed6449/run_manifest.json,,Saxo provider/source coverage,False,
usdjpy,2013-01-01T12:00:00Z,2013-01-01T07:00:00-05:00,2013,1,Tuesday,12,7,SAXO_RAW_NO_SAMPLE,False,,,,False,,True,158,data/acquisition/runs/20260724T194142Z-90ed6449/run_manifest.json,,Saxo provider/source coverage,False,
usdjpy,2013-01-01T13:00:00Z,2013-01-01T08:00:00-05:00,2013,1,Tuesday,13,8,SAXO_RAW_NO_SAMPLE,False,,,,False,,True,158,data/acquisition/runs/20260724T194142Z-90ed6449/run_manifest.json,,Saxo provider/source coverage,False,
usdjpy,2013-01-01T14:00:00Z,2013-01-01T09:00:00-05:00,2013,1,Tuesday,14,9,SAXO_RAW_NO_SAMPLE,False,,,,False,,True,158,data/acquisition/runs/20260724T194142Z-90ed6449/run_manifest.json,,Saxo provider/source coverage,False,
usdjpy,2013-01-01T15:00:00Z,2013-01-01T10:00:00-05:00,2013,1,Tuesday,15,10,SAXO_RAW_NO_SAMPLE,False,,,,False,,True,158,data/acquisition/runs/20260724T194142Z-90ed6449/run_manifest.json,,Saxo provider/source coverage,False,
usdjpy,2013-01-01T16:00:00Z,2013-01-01T11:00:00-05:00,2013,1,Tuesday,16,11,SAXO_RAW_NO_SAMPLE,False,,,,False,,True,158,data/acquisition/runs/20260724T194142Z-90ed6449/run_manifest.json,,Saxo provider/source coverage,False,
usdjpy,2013-01-01T17:00:00Z,2013-01-01T12:00:00-05:00,2013,1,Tuesday,17,12,SAXO_RAW_NO_SAMPLE,False,,,,False,,True,158,data/acquisition/runs/20260724T194142Z-90ed6449/run_manifest.json,,Saxo provider/source coverage,False,
usdjpy,2013-01-01T18:00:00Z,2013-01-01T13:00:00-05:00,2013,1,Tuesday,18,13,SAXO_RAW_NO_SAMPLE,False,,,,False,,True,158,data/acquisition/runs/20260724T194142Z-90ed6449/run_manifest.json,,Saxo provider/source coverage,False,
usdjpy,2013-01-01T19:00:00Z,2013-01-01T14:00:00-05:00,2013,1,Tuesday,19,14,SAXO_RAW_NO_SAMPLE,False,,,,False,,True,158,data/acquisition/runs/20260724T194142Z-90ed6449/run_manifest.json,,Saxo provider/source coverage,False,
usdjpy,2013-01-01T20:00:00Z,2013-01-01T15:00:00-05:00,2013,1,Tuesday,20,15,SAXO_RAW_NO_SAMPLE,False,,,,False,,True,158,data/acquisition/runs/20260724T194142Z-90ed6449/run_manifest.json,,Saxo provider/source coverage,False,
usdjpy,2013-12-25T07:00:00Z,2013-12-25T02:00:00-05:00,2013,12,Wednesday,7,2,SAXO_RAW_NO_SAMPLE,False,,,,False,,True,158,data/acquisition/runs/20260724T194142Z-90ed6449/run_manifest.json,,Saxo provider/source coverage,False,
usdjpy,2013-12-25T08:00:00Z,2013-12-25T03:00:00-05:00,2013,12,Wednesday,8,3,SAXO_RAW_NO_SAMPLE,False,,,,False,,True,158,data/acquisition/runs/20260724T194142Z-90ed6449/run_manifest.json,,Saxo provider/source coverage,False,
usdjpy,2013-12-25T09:00:00Z,2013-12-25T04:00:00-05:00,2013,12,Wednesday,9,4,SAXO_RAW_NO_SAMPLE,False,,,,False,,True,158,data/acquisition/runs/20260724T194142Z-90ed6449/run_manifest.json,,Saxo provider/source coverage,False,
usdjpy,2013-12-25T10:00:00Z,2013-12-25T05:00:00-05:00,2013,12,Wednesday,10,5,SAXO_RAW_NO_SAMPLE,False,,,,False,,True,158,data/acquisition/runs/20260724T194142Z-90ed6449/run_manifest.json,,Saxo provider/source coverage,False,
usdjpy,2013-12-25T11:00:00Z,2013-12-25T06:00:00-05:00,2013,12,Wednesday,11,6,SAXO_RAW_NO_SAMPLE,False,,,,False,,True,158,data/acquisition/runs/20260724T194142Z-90ed6449/run_manifest.json,,Saxo provider/source coverage,False,
usdjpy,2013-12-25T12:00:00Z,2013-12-25T07:00:00-05:00,2013,12,Wednesday,12,7,SAXO_RAW_NO_SAMPLE,False,,,,False,,True,158,data/acquisition/runs/20260724T194142Z-90ed6449/run_manifest.json,,Saxo provider/source coverage,False,
usdjpy,2013-12-25T13:00:00Z,2013-12-25T08:00:00-05:00,2013,12,Wednesday,13,8,SAXO_RAW_NO_SAMPLE,False,,,,False,,True,158,data/acquisition/runs/20260724T194142Z-90ed6449/run_manifest.json,,Saxo provider/source coverage,False,
usdjpy,2013-12-25T14:00:00Z,2013-12-25T09:00:00-05:00,2013,12,Wednesday,14,9,SAXO_RAW_NO_SAMPLE,False,,,,False,,True,158,data/acquisition/runs/20260724T194142Z-90ed6449/run_manifest.json,,Saxo provider/source coverage,False,
usdjpy,2013-12-25T15:00:00Z,2013-12-25T10:00:00-05:00,2013,12,Wednesday,15,10,SAXO_RAW_NO_SAMPLE,False,,,,False,,True,158,data/acquisition/runs/20260724T194142Z-90ed6449/run_manifest.json,,Saxo provider/source coverage,False,
usdjpy,2013-12-25T16:00:00Z,2013-12-25T11:00:00-05:00,2013,12,Wednesday,16,11,SAXO_RAW_NO_SAMPLE,False,,,,False,,True,158,data/acquisition/runs/20260724T194142Z-90ed6449/run_manifest.json,,Saxo provider/source coverage,False,
usdjpy,2013-12-25T17:00:00Z,2013-12-25T12:00:00-05:00,2013,12,Wednesday,17,12,SAXO_RAW_NO_SAMPLE,False,,,,False,,True,158,data/acquisition/runs/20260724T194142Z-90ed6449/run_manifest.json,,Saxo provider/source coverage,False,
usdjpy,2013-12-25T18:00:00Z,2013-12-25T13:00:00-05:00,2013,12,Wednesday,18,13,SAXO_RAW_NO_SAMPLE,False,,,,False,,True,158,data/acquisition/runs/20260724T194142Z-90ed6449/run_manifest.json,,Saxo provider/source coverage,False,
usdjpy,2013-12-25T19:00:00Z,2013-12-25T14:00:00-05:00,2013,12,Wednesday,19,14,SAXO_RAW_NO_SAMPLE,False,,,,False,,True,158,data/acquisition/runs/20260724T194142Z-90ed6449/run_manifest.json,,Saxo provider/source coverage,False,
usdjpy,2013-12-25T20:00:00Z,2013-12-25T15:00:00-05:00,2013,12,Wednesday,20,15,SAXO_RAW_NO_SAMPLE,False,,,,False,,True,158,data/acquisition/runs/20260724T194142Z-90ed6449/run_manifest.json,,Saxo provider/source coverage,False,
usdjpy,2013-12-31T23:00:00Z,2013-12-31T18:00:00-05:00,2013,12,Tuesday,23,18,SAXO_RAW_NO_SAMPLE,False,,,,False,,True,158,data/acquisition/runs/20260724T194142Z-90ed6449/run_manifest.json,,Saxo provider/source coverage,False,
usdjpy,2014-01-01T00:00:00Z,2013-12-31T19:00:00-05:00,2014,1,Wednesday,0,19,SAXO_RAW_NO_SAMPLE,False,,,,False,,True,158,data/acquisition/runs/20260724T194142Z-90ed6449/run_manifest.json,,Saxo provider/source coverage,False,
usdjpy,2014-01-01T01:00:00Z,2013-12-31T20:00:00-05:00,2014,1,Wednesday,1,20,SAXO_RAW_NO_SAMPLE,False,,,,False,,True,158,data/acquisition/runs/20260724T194142Z-90ed6449/run_manifest.json,,Saxo provider/source coverage,False,
usdjpy,2014-01-01T02:00:00Z,2013-12-31T21:00:00-05:00,2014,1,Wednesday,2,21,SAXO_RAW_NO_SAMPLE,False,,,,False,,True,158,data/acquisition/runs/20260724T194142Z-90ed6449/run_manifest.json,,Saxo provider/source coverage,False,
usdjpy,2014-01-01T03:00:00Z,2013-12-31T22:00:00-05:00,2014,1,Wednesday,3,22,SAXO_RAW_NO_SAMPLE,False,,,,False,,True,158,data/acquisition/runs/20260724T194142Z-90ed6449/run_manifest.json,,Saxo provider/source coverage,False,
usdjpy,2014-01-01T04:00:00Z,2013-12-31T23:00:00-05:00,2014,1,Wednesday,4,23,SAXO_RAW_NO_SAMPLE,False,,,,False,,True,158,data/acquisition/runs/20260724T194142Z-90ed6449/run_manifest.json,,Saxo provider/source coverage,False,
usdjpy,2014-01-01T05:00:00Z,2014-01-01T00:00:00-05:00,2014,1,Wednesday,5,0,SAXO_RAW_NO_SAMPLE,False,,,,False,,True,158,data/acquisition/runs/20260724T194142Z-90ed6449/run_manifest.json,,Saxo provider/source coverage,False,
usdjpy,2014-01-01T06:00:00Z,2014-01-01T01:00:00-05:00,2014,1,Wednesday,6,1,SAXO_RAW_NO_SAMPLE,False,,,,False,,True,158,data/acquisition/runs/20260724T194142Z-90ed6449/run_manifest.json,,Saxo provider/source coverage,False,
usdjpy,2014-01-01T07:00:00Z,2014-01-01T02:00:00-05:00,2014,1,Wednesday,7,2,SAXO_RAW_NO_SAMPLE,False,,,,False,,True,158,data/acquisition/runs/20260724T194142Z-90ed6449/run_manifest.json,,Saxo provider/source coverage,False,
usdjpy,2014-01-01T08:00:00Z,2014-01-01T03:00:00-05:00,2014,1,Wednesday,8,3,SAXO_RAW_NO_SAMPLE,False,,,,False,,True,158,data/acquisition/runs/20260724T194142Z-90ed6449/run_manifest.json,,Saxo provider/source coverage,False,
usdjpy,2014-01-01T09:00:00Z,2014-01-01T04:00:00-05:00,2014,1,Wednesday,9,4,SAXO_RAW_NO_SAMPLE,False,,,,False,,True,158,data/acquisition/runs/20260724T194142Z-90ed6449/run_manifest.json,,Saxo provider/source coverage,False,
usdjpy,2014-01-01T10:00:00Z,2014-01-01T05:00:00-05:00,2014,1,Wednesday,10,5,SAXO_RAW_NO_SAMPLE,False,,,,False,,True,158,data/acquisition/runs/20260724T194142Z-90ed6449/run_manifest.json,,Saxo provider/source coverage,False,
usdjpy,2014-01-01T11:00:00Z,2014-01-01T06:00:00-05:00,2014,1,Wednesday,11,6,SAXO_RAW_NO_SAMPLE,False,,,,False,,True,158,data/acquisition/runs/20260724T194142Z-90ed6449/run_manifest.json,,Saxo provider/source coverage,False,
usdjpy,2014-01-01T12:00:00Z,2014-01-01T07:00:00-05:00,2014,1,Wednesday,12,7,SAXO_RAW_NO_SAMPLE,False,,,,False,,True,158,data/acquisition/runs/20260724T194142Z-90ed6449/run_manifest.json,,Saxo provider/source coverage,False,
usdjpy,2014-01-01T13:00:00Z,2014-01-01T08:00:00-05:00,2014,1,Wednesday,13,8,SAXO_RAW_NO_SAMPLE,False,,,,False,,True,158,data/acquisition/runs/20260724T194142Z-90ed6449/run_manifest.json,,Saxo provider/source coverage,False,
usdjpy,2014-01-01T14:00:00Z,2014-01-01T09:00:00-05:00,2014,1,Wednesday,14,9,SAXO_RAW_NO_SAMPLE,False,,,,False,,True,158,data/acquisition/runs/20260724T194142Z-90ed6449/run_manifest.json,,Saxo provider/source coverage,False,
usdjpy,2014-01-01T15:00:00Z,2014-01-01T10:00:00-05:00,2014,1,Wednesday,15,10,SAXO_RAW_NO_SAMPLE,False,,,,False,,True,158,data/acquisition/runs/20260724T194142Z-90ed6449/run_manifest.json,,Saxo provider/source coverage,False,
usdjpy,2014-01-01T16:00:00Z,2014-01-01T11:00:00-05:00,2014,1,Wednesday,16,11,SAXO_RAW_NO_SAMPLE,False,,,,False,,True,158,data/acquisition/runs/20260724T194142Z-90ed6449/run_manifest.json,,Saxo provider/source coverage,False,
usdjpy,2014-01-01T17:00:00Z,2014-01-01T12:00:00-05:00,2014,1,Wednesday,17,12,SAXO_RAW_NO_SAMPLE,False,,,,False,,True,158,data/acquisition/runs/20260724T194142Z-90ed6449/run_manifest.json,,Saxo provider/source coverage,False,
usdjpy,2014-01-01T18:00:00Z,2014-01-01T13:00:00-05:00,2014,1,Wednesday,18,13,SAXO_RAW_NO_SAMPLE,False,,,,False,,True,158,data/acquisition/runs/20260724T194142Z-90ed6449/run_manifest.json,,Saxo provider/source coverage,False,
usdjpy,2014-01-01T19:00:00Z,2014-01-01T14:00:00-05:00,2014,1,Wednesday,19,14,SAXO_RAW_NO_SAMPLE,False,,,,False,,True,158,data/acquisition/runs/20260724T194142Z-90ed6449/run_manifest.json,,Saxo provider/source coverage,False,
usdjpy,2014-01-01T20:00:00Z,2014-01-01T15:00:00-05:00,2014,1,Wednesday,20,15,SAXO_RAW_NO_SAMPLE,False,,,,False,,True,158,data/acquisition/runs/20260724T194142Z-90ed6449/run_manifest.json,,Saxo provider/source coverage,False,
usdjpy,2014-12-24T19:00:00Z,2014-12-24T14:00:00-05:00,2014,12,Wednesday,19,14,SAXO_RAW_NO_SAMPLE,False,,,,False,,True,158,data/acquisition/runs/20260724T194142Z-90ed6449/run_manifest.json,,Saxo provider/source coverage,False,
usdjpy,2014-12-24T20:00:00Z,2014-12-24T15:00:00-05:00,2014,12,Wednesday,20,15,SAXO_RAW_NO_SAMPLE,False,,,,False,,True,158,data/acquisition/runs/20260724T194142Z-90ed6449/run_manifest.json,,Saxo provider/source coverage,False,
usdjpy,2014-12-25T07:00:00Z,2014-12-25T02:00:00-05:00,2014,12,Thursday,7,2,SAXO_RAW_NO_SAMPLE,False,,,,False,,True,158,data/acquisition/runs/20260724T194142Z-90ed6449/run_manifest.json,,Saxo provider/source coverage,False,
usdjpy,2014-12-25T08:00:00Z,2014-12-25T03:00:00-05:00,2014,12,Thursday,8,3,SAXO_RAW_NO_SAMPLE,False,,,,False,,True,158,data/acquisition/runs/20260724T194142Z-90ed6449/run_manifest.json,,Saxo provider/source coverage,False,
usdjpy,2014-12-25T09:00:00Z,2014-12-25T04:00:00-05:00,2014,12,Thursday,9,4,SAXO_RAW_NO_SAMPLE,False,,,,False,,True,158,data/acquisition/runs/20260724T194142Z-90ed6449/run_manifest.json,,Saxo provider/source coverage,False,
usdjpy,2014-12-25T10:00:00Z,2014-12-25T05:00:00-05:00,2014,12,Thursday,10,5,SAXO_RAW_NO_SAMPLE,False,,,,False,,True,158,data/acquisition/runs/20260724T194142Z-90ed6449/run_manifest.json,,Saxo provider/source coverage,False,
usdjpy,2014-12-25T11:00:00Z,2014-12-25T06:00:00-05:00,2014,12,Thursday,11,6,SAXO_RAW_NO_SAMPLE,False,,,,False,,True,158,data/acquisition/runs/20260724T194142Z-90ed6449/run_manifest.json,,Saxo provider/source coverage,False,
usdjpy,2014-12-25T12:00:00Z,2014-12-25T07:00:00-05:00,2014,12,Thursday,12,7,SAXO_RAW_NO_SAMPLE,False,,,,False,,True,158,data/acquisition/runs/20260724T194142Z-90ed6449/run_manifest.json,,Saxo provider/source coverage,False,
usdjpy,2014-12-25T13:00:00Z,2014-12-25T08:00:00-05:00,2014,12,Thursday,13,8,SAXO_RAW_NO_SAMPLE,False,,,,False,,True,158,data/acquisition/runs/20260724T194142Z-90ed6449/run_manifest.json,,Saxo provider/source coverage,False,
usdjpy,2014-12-25T14:00:00Z,2014-12-25T09:00:00-05:00,2014,12,Thursday,14,9,SAXO_RAW_NO_SAMPLE,False,,,,False,,True,158,data/acquisition/runs/20260724T194142Z-90ed6449/run_manifest.json,,Saxo provider/source coverage,False,
usdjpy,2014-12-25T15:00:00Z,2014-12-25T10:00:00-05:00,2014,12,Thursday,15,10,SAXO_RAW_NO_SAMPLE,False,,,,False,,True,158,data/acquisition/runs/20260724T194142Z-90ed6449/run_manifest.json,,Saxo provider/source coverage,False,
usdjpy,2014-12-25T16:00:00Z,2014-12-25T11:00:00-05:00,2014,12,Thursday,16,11,SAXO_RAW_NO_SAMPLE,False,,,,False,,True,158,data/acquisition/runs/20260724T194142Z-90ed6449/run_manifest.json,,Saxo provider/source coverage,False,
usdjpy,2014-12-25T17:00:00Z,2014-12-25T12:00:00-05:00,2014,12,Thursday,17,12,SAXO_RAW_NO_SAMPLE,False,,,,False,,True,158,data/acquisition/runs/20260724T194142Z-90ed6449/run_manifest.json,,Saxo provider/source coverage,False,
usdjpy,2014-12-25T18:00:00Z,2014-12-25T13:00:00-05:00,2014,12,Thursday,18,13,SAXO_RAW_NO_SAMPLE,False,,,,False,,True,158,data/acquisition/runs/20260724T194142Z-90ed6449/run_manifest.json,,Saxo provider/source coverage,False,
usdjpy,2014-12-25T19:00:00Z,2014-12-25T14:00:00-05:00,2014,12,Thursday,19,14,SAXO_RAW_NO_SAMPLE,False,,,,False,,True,158,data/acquisition/runs/20260724T194142Z-90ed6449/run_manifest.json,,Saxo provider/source coverage,False,
usdjpy,2014-12-25T20:00:00Z,2014-12-25T15:00:00-05:00,2014,12,Thursday,20,15,SAXO_RAW_NO_SAMPLE,False,,,,False,,True,158,data/acquisition/runs/20260724T194142Z-90ed6449/run_manifest.json,,Saxo provider/source coverage,False,
usdjpy,2014-12-31T23:00:00Z,2014-12-31T18:00:00-05:00,2014,12,Wednesday,23,18,SAXO_RAW_NO_SAMPLE,False,,,,False,,True,158,data/acquisition/runs/20260724T194142Z-90ed6449/run_manifest.json,,Saxo provider/source coverage,False,
usdjpy,2015-01-01T00:00:00Z,2014-12-31T19:00:00-05:00,2015,1,Thursday,0,19,SAXO_RAW_NO_SAMPLE,False,,,,False,,True,158,data/acquisition/runs/20260724T194142Z-90ed6449/run_manifest.json,,Saxo provider/source coverage,False,
usdjpy,2015-01-01T01:00:00Z,2014-12-31T20:00:00-05:00,2015,1,Thursday,1,20,SAXO_RAW_NO_SAMPLE,False,,,,False,,True,158,data/acquisition/runs/20260724T194142Z-90ed6449/run_manifest.json,,Saxo provider/source coverage,False,
usdjpy,2015-01-01T02:00:00Z,2014-12-31T21:00:00-05:00,2015,1,Thursday,2,21,SAXO_RAW_NO_SAMPLE,False,,,,False,,True,158,data/acquisition/runs/20260724T194142Z-90ed6449/run_manifest.json,,Saxo provider/source coverage,False,
usdjpy,2015-01-01T03:00:00Z,2014-12-31T22:00:00-05:00,2015,1,Thursday,3,22,SAXO_RAW_NO_SAMPLE,False,,,,False,,True,158,data/acquisition/runs/20260724T194142Z-90ed6449/run_manifest.json,,Saxo provider/source coverage,False,
usdjpy,2015-01-01T04:00:00Z,2014-12-31T23:00:00-05:00,2015,1,Thursday,4,23,SAXO_RAW_NO_SAMPLE,False,,,,False,,True,158,data/acquisition/runs/20260724T194142Z-90ed6449/run_manifest.json,,Saxo provider/source coverage,False,
usdjpy,2015-01-01T05:00:00Z,2015-01-01T00:00:00-05:00,2015,1,Thursday,5,0,SAXO_RAW_NO_SAMPLE,False,,,,False,,True,158,data/acquisition/runs/20260724T194142Z-90ed6449/run_manifest.json,,Saxo provider/source coverage,False,
usdjpy,2015-01-01T06:00:00Z,2015-01-01T01:00:00-05:00,2015,1,Thursday,6,1,SAXO_RAW_NO_SAMPLE,False,,,,False,,True,158,data/acquisition/runs/20260724T194142Z-90ed6449/run_manifest.json,,Saxo provider/source coverage,False,
usdjpy,2015-01-01T07:00:00Z,2015-01-01T02:00:00-05:00,2015,1,Thursday,7,2,SAXO_RAW_NO_SAMPLE,False,,,,False,,True,158,data/acquisition/runs/20260724T194142Z-90ed6449/run_manifest.json,,Saxo provider/source coverage,False,
usdjpy,2015-01-01T08:00:00Z,2015-01-01T03:00:00-05:00,2015,1,Thursday,8,3,SAXO_RAW_NO_SAMPLE,False,,,,False,,True,158,data/acquisition/runs/20260724T194142Z-90ed6449/run_manifest.json,,Saxo provider/source coverage,False,
usdjpy,2015-01-01T09:00:00Z,2015-01-01T04:00:00-05:00,2015,1,Thursday,9,4,SAXO_RAW_NO_SAMPLE,False,,,,False,,True,158,data/acquisition/runs/20260724T194142Z-90ed6449/run_manifest.json,,Saxo provider/source coverage,False,
usdjpy,2015-01-01T10:00:00Z,2015-01-01T05:00:00-05:00,2015,1,Thursday,10,5,SAXO_RAW_NO_SAMPLE,False,,,,False,,True,158,data/acquisition/runs/20260724T194142Z-90ed6449/run_manifest.json,,Saxo provider/source coverage,False,
usdjpy,2015-01-01T11:00:00Z,2015-01-01T06:00:00-05:00,2015,1,Thursday,11,6,SAXO_RAW_NO_SAMPLE,False,,,,False,,True,158,data/acquisition/runs/20260724T194142Z-90ed6449/run_manifest.json,,Saxo provider/source coverage,False,
usdjpy,2015-01-01T12:00:00Z,2015-01-01T07:00:00-05:00,2015,1,Thursday,12,7,SAXO_RAW_NO_SAMPLE,False,,,,False,,True,158,data/acquisition/runs/20260724T194142Z-90ed6449/run_manifest.json,,Saxo provider/source coverage,False,
usdjpy,2015-01-01T13:00:00Z,2015-01-01T08:00:00-05:00,2015,1,Thursday,13,8,SAXO_RAW_NO_SAMPLE,False,,,,False,,True,158,data/acquisition/runs/20260724T194142Z-90ed6449/run_manifest.json,,Saxo provider/source coverage,False,
usdjpy,2015-01-01T14:00:00Z,2015-01-01T09:00:00-05:00,2015,1,Thursday,14,9,SAXO_RAW_NO_SAMPLE,False,,,,False,,True,158,data/acquisition/runs/20260724T194142Z-90ed6449/run_manifest.json,,Saxo provider/source coverage,False,
usdjpy,2015-01-01T15:00:00Z,2015-01-01T10:00:00-05:00,2015,1,Thursday,15,10,SAXO_RAW_NO_SAMPLE,False,,,,False,,True,158,data/acquisition/runs/20260724T194142Z-90ed6449/run_manifest.json,,Saxo provider/source coverage,False,
usdjpy,2015-01-01T16:00:00Z,2015-01-01T11:00:00-05:00,2015,1,Thursday,16,11,SAXO_RAW_NO_SAMPLE,False,,,,False,,True,158,data/acquisition/runs/20260724T194142Z-90ed6449/run_manifest.json,,Saxo provider/source coverage,False,
usdjpy,2015-01-01T17:00:00Z,2015-01-01T12:00:00-05:00,2015,1,Thursday,17,12,SAXO_RAW_NO_SAMPLE,False,,,,False,,True,158,data/acquisition/runs/20260724T194142Z-90ed6449/run_manifest.json,,Saxo provider/source coverage,False,
usdjpy,2015-01-01T18:00:00Z,2015-01-01T13:00:00-05:00,2015,1,Thursday,18,13,SAXO_RAW_NO_SAMPLE,False,,,,False,,True,158,data/acquisition/runs/20260724T194142Z-90ed6449/run_manifest.json,,Saxo provider/source coverage,False,
usdjpy,2015-01-01T19:00:00Z,2015-01-01T14:00:00-05:00,2015,1,Thursday,19,14,SAXO_RAW_NO_SAMPLE,False,,,,False,,True,158,data/acquisition/runs/20260724T194142Z-90ed6449/run_manifest.json,,Saxo provider/source coverage,False,
usdjpy,2015-01-01T20:00:00Z,2015-01-01T15:00:00-05:00,2015,1,Thursday,20,15,SAXO_RAW_NO_SAMPLE,False,,,,False,,True,158,data/acquisition/runs/20260724T194142Z-90ed6449/run_manifest.json,,Saxo provider/source coverage,False,
usdjpy,2015-09-04T12:00:00Z,2015-09-04T08:00:00-04:00,2015,9,Friday,12,8,QUARANTINED_VALUE_ANOMALY,False,,,,False,772918,True,158,data/acquisition/runs/20260724T194142Z-90ed6449/run_manifest.json,,Saxo provider/source coverage,False,
usdjpy,2015-10-28T18:00:00Z,2015-10-28T14:00:00-04:00,2015,10,Wednesday,18,14,QUARANTINED_VALUE_ANOMALY,False,,,,False,772921,True,158,data/acquisition/runs/20260724T194142Z-90ed6449/run_manifest.json,,Saxo provider/source coverage,False,
usdjpy,2015-10-30T03:00:00Z,2015-10-29T23:00:00-04:00,2015,10,Friday,3,23,QUARANTINED_VALUE_ANOMALY,False,,,,False,772922,True,158,data/acquisition/runs/20260724T194142Z-90ed6449/run_manifest.json,,Saxo provider/source coverage,False,
usdjpy,2015-12-24T19:00:00Z,2015-12-24T14:00:00-05:00,2015,12,Thursday,19,14,SAXO_RAW_NO_SAMPLE,False,,,,False,,True,158,data/acquisition/runs/20260724T194142Z-90ed6449/run_manifest.json,,Saxo provider/source coverage,False,
usdjpy,2015-12-24T20:00:00Z,2015-12-24T15:00:00-05:00,2015,12,Thursday,20,15,SAXO_RAW_NO_SAMPLE,False,,,,False,,True,158,data/acquisition/runs/20260724T194142Z-90ed6449/run_manifest.json,,Saxo provider/source coverage,False,
usdjpy,2015-12-25T07:00:00Z,2015-12-25T02:00:00-05:00,2015,12,Friday,7,2,SAXO_RAW_NO_SAMPLE,False,,,,False,,True,158,data/acquisition/runs/20260724T194142Z-90ed6449/run_manifest.json,,Saxo provider/source coverage,False,
usdjpy,2015-12-25T08:00:00Z,2015-12-25T03:00:00-05:00,2015,12,Friday,8,3,SAXO_RAW_NO_SAMPLE,False,,,,False,,True,158,data/acquisition/runs/20260724T194142Z-90ed6449/run_manifest.json,,Saxo provider/source coverage,False,
usdjpy,2015-12-25T09:00:00Z,2015-12-25T04:00:00-05:00,2015,12,Friday,9,4,SAXO_RAW_NO_SAMPLE,False,,,,False,,True,158,data/acquisition/runs/20260724T194142Z-90ed6449/run_manifest.json,,Saxo provider/source coverage,False,
usdjpy,2015-12-25T10:00:00Z,2015-12-25T05:00:00-05:00,2015,12,Friday,10,5,SAXO_RAW_NO_SAMPLE,False,,,,False,,True,158,data/acquisition/runs/20260724T194142Z-90ed6449/run_manifest.json,,Saxo provider/source coverage,False,
usdjpy,2015-12-25T11:00:00Z,2015-12-25T06:00:00-05:00,2015,12,Friday,11,6,SAXO_RAW_NO_SAMPLE,False,,,,False,,True,158,data/acquisition/runs/20260724T194142Z-90ed6449/run_manifest.json,,Saxo provider/source coverage,False,
usdjpy,2015-12-25T12:00:00Z,2015-12-25T07:00:00-05:00,2015,12,Friday,12,7,SAXO_RAW_NO_SAMPLE,False,,,,False,,True,158,data/acquisition/runs/20260724T194142Z-90ed6449/run_manifest.json,,Saxo provider/source coverage,False,
usdjpy,2015-12-25T13:00:00Z,2015-12-25T08:00:00-05:00,2015,12,Friday,13,8,SAXO_RAW_NO_SAMPLE,False,,,,False,,True,158,data/acquisition/runs/20260724T194142Z-90ed6449/run_manifest.json,,Saxo provider/source coverage,False,
usdjpy,2015-12-25T14:00:00Z,2015-12-25T09:00:00-05:00,2015,12,Friday,14,9,SAXO_RAW_NO_SAMPLE,False,,,,False,,True,158,data/acquisition/runs/20260724T194142Z-90ed6449/run_manifest.json,,Saxo provider/source coverage,False,
usdjpy,2015-12-25T15:00:00Z,2015-12-25T10:00:00-05:00,2015,12,Friday,15,10,SAXO_RAW_NO_SAMPLE,False,,,,False,,True,158,data/acquisition/runs/20260724T194142Z-90ed6449/run_manifest.json,,Saxo provider/source coverage,False,
usdjpy,2015-12-25T16:00:00Z,2015-12-25T11:00:00-05:00,2015,12,Friday,16,11,SAXO_RAW_NO_SAMPLE,False,,,,False,,True,158,data/acquisition/runs/20260724T194142Z-90ed6449/run_manifest.json,,Saxo provider/source coverage,False,
usdjpy,2015-12-25T17:00:00Z,2015-12-25T12:00:00-05:00,2015,12,Friday,17,12,SAXO_RAW_NO_SAMPLE,False,,,,False,,True,158,data/acquisition/runs/20260724T194142Z-90ed6449/run_manifest.json,,Saxo provider/source coverage,False,
usdjpy,2015-12-25T18:00:00Z,2015-12-25T13:00:00-05:00,2015,12,Friday,18,13,SAXO_RAW_NO_SAMPLE,False,,,,False,,True,158,data/acquisition/runs/20260724T194142Z-90ed6449/run_manifest.json,,Saxo provider/source coverage,False,
usdjpy,2015-12-25T19:00:00Z,2015-12-25T14:00:00-05:00,2015,12,Friday,19,14,SAXO_RAW_NO_SAMPLE,False,,,,False,,True,158,data/acquisition/runs/20260724T194142Z-90ed6449/run_manifest.json,,Saxo provider/source coverage,False,
usdjpy,2015-12-25T20:00:00Z,2015-12-25T15:00:00-05:00,2015,12,Friday,20,15,SAXO_RAW_NO_SAMPLE,False,,,,False,,True,158,data/acquisition/runs/20260724T194142Z-90ed6449/run_manifest.json,,Saxo provider/source coverage,False,
usdjpy,2015-12-31T23:00:00Z,2015-12-31T18:00:00-05:00,2015,12,Thursday,23,18,SAXO_RAW_NO_SAMPLE,False,,,,False,,True,158,data/acquisition/runs/20260724T194142Z-90ed6449/run_manifest.json,,Saxo provider/source coverage,False,
usdjpy,2016-01-01T00:00:00Z,2015-12-31T19:00:00-05:00,2016,1,Friday,0,19,SAXO_RAW_NO_SAMPLE,False,,,,False,,True,158,data/acquisition/runs/20260724T194142Z-90ed6449/run_manifest.json,,Saxo provider/source coverage,False,
usdjpy,2016-01-01T01:00:00Z,2015-12-31T20:00:00-05:00,2016,1,Friday,1,20,SAXO_RAW_NO_SAMPLE,False,,,,False,,True,158,data/acquisition/runs/20260724T194142Z-90ed6449/run_manifest.json,,Saxo provider/source coverage,False,
usdjpy,2016-01-01T02:00:00Z,2015-12-31T21:00:00-05:00,2016,1,Friday,2,21,SAXO_RAW_NO_SAMPLE,False,,,,False,,True,158,data/acquisition/runs/20260724T194142Z-90ed6449/run_manifest.json,,Saxo provider/source coverage,False,
usdjpy,2016-01-01T03:00:00Z,2015-12-31T22:00:00-05:00,2016,1,Friday,3,22,SAXO_RAW_NO_SAMPLE,False,,,,False,,True,158,data/acquisition/runs/20260724T194142Z-90ed6449/run_manifest.json,,Saxo provider/source coverage,False,
usdjpy,2016-01-01T04:00:00Z,2015-12-31T23:00:00-05:00,2016,1,Friday,4,23,SAXO_RAW_NO_SAMPLE,False,,,,False,,True,158,data/acquisition/runs/20260724T194142Z-90ed6449/run_manifest.json,,Saxo provider/source coverage,False,
usdjpy,2016-01-01T05:00:00Z,2016-01-01T00:00:00-05:00,2016,1,Friday,5,0,SAXO_RAW_NO_SAMPLE,False,,,,False,,True,158,data/acquisition/runs/20260724T194142Z-90ed6449/run_manifest.json,,Saxo provider/source coverage,False,
usdjpy,2016-01-01T06:00:00Z,2016-01-01T01:00:00-05:00,2016,1,Friday,6,1,SAXO_RAW_NO_SAMPLE,False,,,,False,,True,158,data/acquisition/runs/20260724T194142Z-90ed6449/run_manifest.json,,Saxo provider/source coverage,False,
usdjpy,2016-01-01T07:00:00Z,2016-01-01T02:00:00-05:00,2016,1,Friday,7,2,SAXO_RAW_NO_SAMPLE,False,,,,False,,True,158,data/acquisition/runs/20260724T194142Z-90ed6449/run_manifest.json,,Saxo provider/source coverage,False,
usdjpy,2016-01-01T08:00:00Z,2016-01-01T03:00:00-05:00,2016,1,Friday,8,3,SAXO_RAW_NO_SAMPLE,False,,,,False,,True,158,data/acquisition/runs/20260724T194142Z-90ed6449/run_manifest.json,,Saxo provider/source coverage,False,
usdjpy,2016-01-01T09:00:00Z,2016-01-01T04:00:00-05:00,2016,1,Friday,9,4,SAXO_RAW_NO_SAMPLE,False,,,,False,,True,158,data/acquisition/runs/20260724T194142Z-90ed6449/run_manifest.json,,Saxo provider/source coverage,False,
usdjpy,2016-01-01T10:00:00Z,2016-01-01T05:00:00-05:00,2016,1,Friday,10,5,SAXO_RAW_NO_SAMPLE,False,,,,False,,True,158,data/acquisition/runs/20260724T194142Z-90ed6449/run_manifest.json,,Saxo provider/source coverage,False,
usdjpy,2016-01-01T11:00:00Z,2016-01-01T06:00:00-05:00,2016,1,Friday,11,6,SAXO_RAW_NO_SAMPLE,False,,,,False,,True,158,data/acquisition/runs/20260724T194142Z-90ed6449/run_manifest.json,,Saxo provider/source coverage,False,
usdjpy,2016-01-01T12:00:00Z,2016-01-01T07:00:00-05:00,2016,1,Friday,12,7,SAXO_RAW_NO_SAMPLE,False,,,,False,,True,158,data/acquisition/runs/20260724T194142Z-90ed6449/run_manifest.json,,Saxo provider/source coverage,False,
usdjpy,2016-01-01T13:00:00Z,2016-01-01T08:00:00-05:00,2016,1,Friday,13,8,SAXO_RAW_NO_SAMPLE,False,,,,False,,True,158,data/acquisition/runs/20260724T194142Z-90ed6449/run_manifest.json,,Saxo provider/source coverage,False,
usdjpy,2016-01-01T14:00:00Z,2016-01-01T09:00:00-05:00,2016,1,Friday,14,9,SAXO_RAW_NO_SAMPLE,False,,,,False,,True,158,data/acquisition/runs/20260724T194142Z-90ed6449/run_manifest.json,,Saxo provider/source coverage,False,
usdjpy,2016-01-01T15:00:00Z,2016-01-01T10:00:00-05:00,2016,1,Friday,15,10,SAXO_RAW_NO_SAMPLE,False,,,,False,,True,158,data/acquisition/runs/20260724T194142Z-90ed6449/run_manifest.json,,Saxo provider/source coverage,False,
usdjpy,2016-01-01T16:00:00Z,2016-01-01T11:00:00-05:00,2016,1,Friday,16,11,SAXO_RAW_NO_SAMPLE,False,,,,False,,True,158,data/acquisition/runs/20260724T194142Z-90ed6449/run_manifest.json,,Saxo provider/source coverage,False,
usdjpy,2016-01-01T17:00:00Z,2016-01-01T12:00:00-05:00,2016,1,Friday,17,12,SAXO_RAW_NO_SAMPLE,False,,,,False,,True,158,data/acquisition/runs/20260724T194142Z-90ed6449/run_manifest.json,,Saxo provider/source coverage,False,
usdjpy,2016-01-01T18:00:00Z,2016-01-01T13:00:00-05:00,2016,1,Friday,18,13,SAXO_RAW_NO_SAMPLE,False,,,,False,,True,158,data/acquisition/runs/20260724T194142Z-90ed6449/run_manifest.json,,Saxo provider/source coverage,False,
usdjpy,2016-01-01T19:00:00Z,2016-01-01T14:00:00-05:00,2016,1,Friday,19,14,SAXO_RAW_NO_SAMPLE,False,,,,False,,True,158,data/acquisition/runs/20260724T194142Z-90ed6449/run_manifest.json,,Saxo provider/source coverage,False,
usdjpy,2016-01-01T20:00:00Z,2016-01-01T15:00:00-05:00,2016,1,Friday,20,15,SAXO_RAW_NO_SAMPLE,False,,,,False,,True,158,data/acquisition/runs/20260724T194142Z-90ed6449/run_manifest.json,,Saxo provider/source coverage,False,
usdjpy,2016-09-25T23:00:00Z,2016-09-25T19:00:00-04:00,2016,9,Sunday,23,19,SAXO_RAW_NO_SAMPLE,False,,,,False,,True,158,data/acquisition/runs/20260724T194142Z-90ed6449/run_manifest.json,,Saxo provider/source coverage,False,
usdjpy,2016-12-26T07:00:00Z,2016-12-26T02:00:00-05:00,2016,12,Monday,7,2,SAXO_RAW_NO_SAMPLE,False,,,,False,,True,158,data/acquisition/runs/20260724T194142Z-90ed6449/run_manifest.json,,Saxo provider/source coverage,False,
usdjpy,2016-12-26T08:00:00Z,2016-12-26T03:00:00-05:00,2016,12,Monday,8,3,SAXO_RAW_NO_SAMPLE,False,,,,False,,True,158,data/acquisition/runs/20260724T194142Z-90ed6449/run_manifest.json,,Saxo provider/source coverage,False,
usdjpy,2016-12-26T09:00:00Z,2016-12-26T04:00:00-05:00,2016,12,Monday,9,4,SAXO_RAW_NO_SAMPLE,False,,,,False,,True,158,data/acquisition/runs/20260724T194142Z-90ed6449/run_manifest.json,,Saxo provider/source coverage,False,
usdjpy,2016-12-26T10:00:00Z,2016-12-26T05:00:00-05:00,2016,12,Monday,10,5,SAXO_RAW_NO_SAMPLE,False,,,,False,,True,158,data/acquisition/runs/20260724T194142Z-90ed6449/run_manifest.json,,Saxo provider/source coverage,False,
usdjpy,2016-12-26T11:00:00Z,2016-12-26T06:00:00-05:00,2016,12,Monday,11,6,SAXO_RAW_NO_SAMPLE,False,,,,False,,True,158,data/acquisition/runs/20260724T194142Z-90ed6449/run_manifest.json,,Saxo provider/source coverage,False,
usdjpy,2016-12-26T12:00:00Z,2016-12-26T07:00:00-05:00,2016,12,Monday,12,7,SAXO_RAW_NO_SAMPLE,False,,,,False,,True,158,data/acquisition/runs/20260724T194142Z-90ed6449/run_manifest.json,,Saxo provider/source coverage,False,
usdjpy,2016-12-26T13:00:00Z,2016-12-26T08:00:00-05:00,2016,12,Monday,13,8,SAXO_RAW_NO_SAMPLE,False,,,,False,,True,158,data/acquisition/runs/20260724T194142Z-90ed6449/run_manifest.json,,Saxo provider/source coverage,False,
usdjpy,2016-12-26T14:00:00Z,2016-12-26T09:00:00-05:00,2016,12,Monday,14,9,SAXO_RAW_NO_SAMPLE,False,,,,False,,True,158,data/acquisition/runs/20260724T194142Z-90ed6449/run_manifest.json,,Saxo provider/source coverage,False,
usdjpy,2016-12-26T15:00:00Z,2016-12-26T10:00:00-05:00,2016,12,Monday,15,10,SAXO_RAW_NO_SAMPLE,False,,,,False,,True,158,data/acquisition/runs/20260724T194142Z-90ed6449/run_manifest.json,,Saxo provider/source coverage,False,
usdjpy,2016-12-26T16:00:00Z,2016-12-26T11:00:00-05:00,2016,12,Monday,16,11,SAXO_RAW_NO_SAMPLE,False,,,,False,,True,158,data/acquisition/runs/20260724T194142Z-90ed6449/run_manifest.json,,Saxo provider/source coverage,False,
usdjpy,2016-12-26T17:00:00Z,2016-12-26T12:00:00-05:00,2016,12,Monday,17,12,SAXO_RAW_NO_SAMPLE,False,,,,False,,True,158,data/acquisition/runs/20260724T194142Z-90ed6449/run_manifest.json,,Saxo provider/source coverage,False,
usdjpy,2017-01-01T23:00:00Z,2017-01-01T18:00:00-05:00,2017,1,Sunday,23,18,SAXO_RAW_NO_SAMPLE,False,,,,False,,True,158,data/acquisition/runs/20260724T194142Z-90ed6449/run_manifest.json,,Saxo provider/source coverage,False,
usdjpy,2017-01-02T00:00:00Z,2017-01-01T19:00:00-05:00,2017,1,Monday,0,19,SAXO_RAW_NO_SAMPLE,False,,,,False,,True,158,data/acquisition/runs/20260724T194142Z-90ed6449/run_manifest.json,,Saxo provider/source coverage,False,
usdjpy,2017-01-02T01:00:00Z,2017-01-01T20:00:00-05:00,2017,1,Monday,1,20,SAXO_RAW_NO_SAMPLE,False,,,,False,,True,158,data/acquisition/runs/20260724T194142Z-90ed6449/run_manifest.json,,Saxo provider/source coverage,False,
usdjpy,2017-01-02T02:00:00Z,2017-01-01T21:00:00-05:00,2017,1,Monday,2,21,SAXO_RAW_NO_SAMPLE,False,,,,False,,True,158,data/acquisition/runs/20260724T194142Z-90ed6449/run_manifest.json,,Saxo provider/source coverage,False,
usdjpy,2017-01-02T03:00:00Z,2017-01-01T22:00:00-05:00,2017,1,Monday,3,22,SAXO_RAW_NO_SAMPLE,False,,,,False,,True,158,data/acquisition/runs/20260724T194142Z-90ed6449/run_manifest.json,,Saxo provider/source coverage,False,
usdjpy,2017-01-02T04:00:00Z,2017-01-01T23:00:00-05:00,2017,1,Monday,4,23,SAXO_RAW_NO_SAMPLE,False,,,,False,,True,158,data/acquisition/runs/20260724T194142Z-90ed6449/run_manifest.json,,Saxo provider/source coverage,False,
usdjpy,2017-01-02T05:00:00Z,2017-01-02T00:00:00-05:00,2017,1,Monday,5,0,SAXO_RAW_NO_SAMPLE,False,,,,False,,True,158,data/acquisition/runs/20260724T194142Z-90ed6449/run_manifest.json,,Saxo provider/source coverage,False,
usdjpy,2017-01-02T06:00:00Z,2017-01-02T01:00:00-05:00,2017,1,Monday,6,1,SAXO_RAW_NO_SAMPLE,False,,,,False,,True,158,data/acquisition/runs/20260724T194142Z-90ed6449/run_manifest.json,,Saxo provider/source coverage,False,
usdjpy,2017-12-25T08:00:00Z,2017-12-25T03:00:00-05:00,2017,12,Monday,8,3,SAXO_RAW_NO_SAMPLE,False,,,,False,,True,158,data/acquisition/runs/20260724T194142Z-90ed6449/run_manifest.json,,Saxo provider/source coverage,False,
usdjpy,2017-12-25T09:00:00Z,2017-12-25T04:00:00-05:00,2017,12,Monday,9,4,SAXO_RAW_NO_SAMPLE,False,,,,False,,True,158,data/acquisition/runs/20260724T194142Z-90ed6449/run_manifest.json,,Saxo provider/source coverage,False,
usdjpy,2017-12-25T10:00:00Z,2017-12-25T05:00:00-05:00,2017,12,Monday,10,5,SAXO_RAW_NO_SAMPLE,False,,,,False,,True,158,data/acquisition/runs/20260724T194142Z-90ed6449/run_manifest.json,,Saxo provider/source coverage,False,
usdjpy,2017-12-25T11:00:00Z,2017-12-25T06:00:00-05:00,2017,12,Monday,11,6,SAXO_RAW_NO_SAMPLE,False,,,,False,,True,158,data/acquisition/runs/20260724T194142Z-90ed6449/run_manifest.json,,Saxo provider/source coverage,False,
usdjpy,2017-12-25T12:00:00Z,2017-12-25T07:00:00-05:00,2017,12,Monday,12,7,SAXO_RAW_NO_SAMPLE,False,,,,False,,True,158,data/acquisition/runs/20260724T194142Z-90ed6449/run_manifest.json,,Saxo provider/source coverage,False,
usdjpy,2017-12-25T13:00:00Z,2017-12-25T08:00:00-05:00,2017,12,Monday,13,8,SAXO_RAW_NO_SAMPLE,False,,,,False,,True,158,data/acquisition/runs/20260724T194142Z-90ed6449/run_manifest.json,,Saxo provider/source coverage,False,
usdjpy,2017-12-25T14:00:00Z,2017-12-25T09:00:00-05:00,2017,12,Monday,14,9,SAXO_RAW_NO_SAMPLE,False,,,,False,,True,158,data/acquisition/runs/20260724T194142Z-90ed6449/run_manifest.json,,Saxo provider/source coverage,False,
usdjpy,2017-12-25T15:00:00Z,2017-12-25T10:00:00-05:00,2017,12,Monday,15,10,SAXO_RAW_NO_SAMPLE,False,,,,False,,True,158,data/acquisition/runs/20260724T194142Z-90ed6449/run_manifest.json,,Saxo provider/source coverage,False,
usdjpy,2017-12-25T16:00:00Z,2017-12-25T11:00:00-05:00,2017,12,Monday,16,11,SAXO_RAW_NO_SAMPLE,False,,,,False,,True,158,data/acquisition/runs/20260724T194142Z-90ed6449/run_manifest.json,,Saxo provider/source coverage,False,
usdjpy,2017-12-25T17:00:00Z,2017-12-25T12:00:00-05:00,2017,12,Monday,17,12,SAXO_RAW_NO_SAMPLE,False,,,,False,,True,158,data/acquisition/runs/20260724T194142Z-90ed6449/run_manifest.json,,Saxo provider/source coverage,False,
usdjpy,2017-12-31T23:00:00Z,2017-12-31T18:00:00-05:00,2017,12,Sunday,23,18,SAXO_RAW_NO_SAMPLE,False,,,,False,,True,158,data/acquisition/runs/20260724T194142Z-90ed6449/run_manifest.json,,Saxo provider/source coverage,False,
usdjpy,2018-01-01T00:00:00Z,2017-12-31T19:00:00-05:00,2018,1,Monday,0,19,SAXO_RAW_NO_SAMPLE,False,,,,False,,True,158,data/acquisition/runs/20260724T194142Z-90ed6449/run_manifest.json,,Saxo provider/source coverage,False,
usdjpy,2018-01-01T01:00:00Z,2017-12-31T20:00:00-05:00,2018,1,Monday,1,20,SAXO_RAW_NO_SAMPLE,False,,,,False,,True,158,data/acquisition/runs/20260724T194142Z-90ed6449/run_manifest.json,,Saxo provider/source coverage,False,
usdjpy,2018-01-01T02:00:00Z,2017-12-31T21:00:00-05:00,2018,1,Monday,2,21,SAXO_RAW_NO_SAMPLE,False,,,,False,,True,158,data/acquisition/runs/20260724T194142Z-90ed6449/run_manifest.json,,Saxo provider/source coverage,False,
usdjpy,2018-01-01T03:00:00Z,2017-12-31T22:00:00-05:00,2018,1,Monday,3,22,SAXO_RAW_NO_SAMPLE,False,,,,False,,True,158,data/acquisition/runs/20260724T194142Z-90ed6449/run_manifest.json,,Saxo provider/source coverage,False,
usdjpy,2018-01-01T04:00:00Z,2017-12-31T23:00:00-05:00,2018,1,Monday,4,23,SAXO_RAW_NO_SAMPLE,False,,,,False,,True,158,data/acquisition/runs/20260724T194142Z-90ed6449/run_manifest.json,,Saxo provider/source coverage,False,
usdjpy,2018-01-01T05:00:00Z,2018-01-01T00:00:00-05:00,2018,1,Monday,5,0,SAXO_RAW_NO_SAMPLE,False,,,,False,,True,158,data/acquisition/runs/20260724T194142Z-90ed6449/run_manifest.json,,Saxo provider/source coverage,False,
usdjpy,2018-01-01T06:00:00Z,2018-01-01T01:00:00-05:00,2018,1,Monday,6,1,SAXO_RAW_NO_SAMPLE,False,,,,False,,True,158,data/acquisition/runs/20260724T194142Z-90ed6449/run_manifest.json,,Saxo provider/source coverage,False,
usdjpy,2018-01-01T07:00:00Z,2018-01-01T02:00:00-05:00,2018,1,Monday,7,2,SAXO_RAW_NO_SAMPLE,False,,,,False,,True,158,data/acquisition/runs/20260724T194142Z-90ed6449/run_manifest.json,,Saxo provider/source coverage,False,
usdjpy,2018-01-01T08:00:00Z,2018-01-01T03:00:00-05:00,2018,1,Monday,8,3,SAXO_RAW_NO_SAMPLE,False,,,,False,,True,158,data/acquisition/runs/20260724T194142Z-90ed6449/run_manifest.json,,Saxo provider/source coverage,False,
usdjpy,2018-01-01T09:00:00Z,2018-01-01T04:00:00-05:00,2018,1,Monday,9,4,SAXO_RAW_NO_SAMPLE,False,,,,False,,True,158,data/acquisition/runs/20260724T194142Z-90ed6449/run_manifest.json,,Saxo provider/source coverage,False,
usdjpy,2018-01-01T10:00:00Z,2018-01-01T05:00:00-05:00,2018,1,Monday,10,5,SAXO_RAW_NO_SAMPLE,False,,,,False,,True,158,data/acquisition/runs/20260724T194142Z-90ed6449/run_manifest.json,,Saxo provider/source coverage,False,
usdjpy,2018-01-01T11:00:00Z,2018-01-01T06:00:00-05:00,2018,1,Monday,11,6,SAXO_RAW_NO_SAMPLE,False,,,,False,,True,158,data/acquisition/runs/20260724T194142Z-90ed6449/run_manifest.json,,Saxo provider/source coverage,False,
usdjpy,2018-01-01T12:00:00Z,2018-01-01T07:00:00-05:00,2018,1,Monday,12,7,SAXO_RAW_NO_SAMPLE,False,,,,False,,True,158,data/acquisition/runs/20260724T194142Z-90ed6449/run_manifest.json,,Saxo provider/source coverage,False,
usdjpy,2018-01-01T13:00:00Z,2018-01-01T08:00:00-05:00,2018,1,Monday,13,8,SAXO_RAW_NO_SAMPLE,False,,,,False,,True,158,data/acquisition/runs/20260724T194142Z-90ed6449/run_manifest.json,,Saxo provider/source coverage,False,
usdjpy,2018-01-01T14:00:00Z,2018-01-01T09:00:00-05:00,2018,1,Monday,14,9,SAXO_RAW_NO_SAMPLE,False,,,,False,,True,158,data/acquisition/runs/20260724T194142Z-90ed6449/run_manifest.json,,Saxo provider/source coverage,False,
usdjpy,2018-01-01T15:00:00Z,2018-01-01T10:00:00-05:00,2018,1,Monday,15,10,SAXO_RAW_NO_SAMPLE,False,,,,False,,True,158,data/acquisition/runs/20260724T194142Z-90ed6449/run_manifest.json,,Saxo provider/source coverage,False,
usdjpy,2018-01-01T16:00:00Z,2018-01-01T11:00:00-05:00,2018,1,Monday,16,11,SAXO_RAW_NO_SAMPLE,False,,,,False,,True,158,data/acquisition/runs/20260724T194142Z-90ed6449/run_manifest.json,,Saxo provider/source coverage,False,
usdjpy,2018-01-01T17:00:00Z,2018-01-01T12:00:00-05:00,2018,1,Monday,17,12,SAXO_RAW_NO_SAMPLE,False,,,,False,,True,158,data/acquisition/runs/20260724T194142Z-90ed6449/run_manifest.json,,Saxo provider/source coverage,False,
usdjpy,2018-12-25T07:00:00Z,2018-12-25T02:00:00-05:00,2018,12,Tuesday,7,2,SAXO_RAW_NO_SAMPLE,False,,,,False,,True,158,data/acquisition/runs/20260724T194142Z-90ed6449/run_manifest.json,,Saxo provider/source coverage,False,
usdjpy,2018-12-25T08:00:00Z,2018-12-25T03:00:00-05:00,2018,12,Tuesday,8,3,SAXO_RAW_NO_SAMPLE,False,,,,False,,True,158,data/acquisition/runs/20260724T194142Z-90ed6449/run_manifest.json,,Saxo provider/source coverage,False,
usdjpy,2018-12-25T09:00:00Z,2018-12-25T04:00:00-05:00,2018,12,Tuesday,9,4,SAXO_RAW_NO_SAMPLE,False,,,,False,,True,158,data/acquisition/runs/20260724T194142Z-90ed6449/run_manifest.json,,Saxo provider/source coverage,False,
usdjpy,2018-12-25T10:00:00Z,2018-12-25T05:00:00-05:00,2018,12,Tuesday,10,5,SAXO_RAW_NO_SAMPLE,False,,,,False,,True,158,data/acquisition/runs/20260724T194142Z-90ed6449/run_manifest.json,,Saxo provider/source coverage,False,
usdjpy,2018-12-25T11:00:00Z,2018-12-25T06:00:00-05:00,2018,12,Tuesday,11,6,SAXO_RAW_NO_SAMPLE,False,,,,False,,True,158,data/acquisition/runs/20260724T194142Z-90ed6449/run_manifest.json,,Saxo provider/source coverage,False,
usdjpy,2018-12-25T12:00:00Z,2018-12-25T07:00:00-05:00,2018,12,Tuesday,12,7,SAXO_RAW_NO_SAMPLE,False,,,,False,,True,158,data/acquisition/runs/20260724T194142Z-90ed6449/run_manifest.json,,Saxo provider/source coverage,False,
usdjpy,2018-12-25T13:00:00Z,2018-12-25T08:00:00-05:00,2018,12,Tuesday,13,8,SAXO_RAW_NO_SAMPLE,False,,,,False,,True,158,data/acquisition/runs/20260724T194142Z-90ed6449/run_manifest.json,,Saxo provider/source coverage,False,
usdjpy,2018-12-25T14:00:00Z,2018-12-25T09:00:00-05:00,2018,12,Tuesday,14,9,SAXO_RAW_NO_SAMPLE,False,,,,False,,True,158,data/acquisition/runs/20260724T194142Z-90ed6449/run_manifest.json,,Saxo provider/source coverage,False,
usdjpy,2018-12-25T15:00:00Z,2018-12-25T10:00:00-05:00,2018,12,Tuesday,15,10,SAXO_RAW_NO_SAMPLE,False,,,,False,,True,158,data/acquisition/runs/20260724T194142Z-90ed6449/run_manifest.json,,Saxo provider/source coverage,False,
usdjpy,2018-12-25T16:00:00Z,2018-12-25T11:00:00-05:00,2018,12,Tuesday,16,11,SAXO_RAW_NO_SAMPLE,False,,,,False,,True,158,data/acquisition/runs/20260724T194142Z-90ed6449/run_manifest.json,,Saxo provider/source coverage,False,
usdjpy,2018-12-25T17:00:00Z,2018-12-25T12:00:00-05:00,2018,12,Tuesday,17,12,SAXO_RAW_NO_SAMPLE,False,,,,False,,True,158,data/acquisition/runs/20260724T194142Z-90ed6449/run_manifest.json,,Saxo provider/source coverage,False,
usdjpy,2018-12-25T18:00:00Z,2018-12-25T13:00:00-05:00,2018,12,Tuesday,18,13,SAXO_RAW_NO_SAMPLE,False,,,,False,,True,158,data/acquisition/runs/20260724T194142Z-90ed6449/run_manifest.json,,Saxo provider/source coverage,False,
usdjpy,2018-12-25T19:00:00Z,2018-12-25T14:00:00-05:00,2018,12,Tuesday,19,14,SAXO_RAW_NO_SAMPLE,False,,,,False,,True,158,data/acquisition/runs/20260724T194142Z-90ed6449/run_manifest.json,,Saxo provider/source coverage,False,
usdjpy,2018-12-25T20:00:00Z,2018-12-25T15:00:00-05:00,2018,12,Tuesday,20,15,SAXO_RAW_NO_SAMPLE,False,,,,False,,True,158,data/acquisition/runs/20260724T194142Z-90ed6449/run_manifest.json,,Saxo provider/source coverage,False,
usdjpy,2018-12-31T23:00:00Z,2018-12-31T18:00:00-05:00,2018,12,Monday,23,18,SAXO_RAW_NO_SAMPLE,False,,,,False,,True,158,data/acquisition/runs/20260724T194142Z-90ed6449/run_manifest.json,,Saxo provider/source coverage,False,
usdjpy,2019-01-01T00:00:00Z,2018-12-31T19:00:00-05:00,2019,1,Tuesday,0,19,SAXO_RAW_NO_SAMPLE,False,,,,False,,True,158,data/acquisition/runs/20260724T194142Z-90ed6449/run_manifest.json,,Saxo provider/source coverage,False,
usdjpy,2019-01-01T01:00:00Z,2018-12-31T20:00:00-05:00,2019,1,Tuesday,1,20,SAXO_RAW_NO_SAMPLE,False,,,,False,,True,158,data/acquisition/runs/20260724T194142Z-90ed6449/run_manifest.json,,Saxo provider/source coverage,False,
usdjpy,2019-01-01T02:00:00Z,2018-12-31T21:00:00-05:00,2019,1,Tuesday,2,21,SAXO_RAW_NO_SAMPLE,False,,,,False,,True,158,data/acquisition/runs/20260724T194142Z-90ed6449/run_manifest.json,,Saxo provider/source coverage,False,
usdjpy,2019-01-01T03:00:00Z,2018-12-31T22:00:00-05:00,2019,1,Tuesday,3,22,SAXO_RAW_NO_SAMPLE,False,,,,False,,True,158,data/acquisition/runs/20260724T194142Z-90ed6449/run_manifest.json,,Saxo provider/source coverage,False,
usdjpy,2019-01-01T04:00:00Z,2018-12-31T23:00:00-05:00,2019,1,Tuesday,4,23,SAXO_RAW_NO_SAMPLE,False,,,,False,,True,158,data/acquisition/runs/20260724T194142Z-90ed6449/run_manifest.json,,Saxo provider/source coverage,False,
usdjpy,2019-01-01T05:00:00Z,2019-01-01T00:00:00-05:00,2019,1,Tuesday,5,0,SAXO_RAW_NO_SAMPLE,False,,,,False,,True,158,data/acquisition/runs/20260724T194142Z-90ed6449/run_manifest.json,,Saxo provider/source coverage,False,
usdjpy,2019-01-01T06:00:00Z,2019-01-01T01:00:00-05:00,2019,1,Tuesday,6,1,SAXO_RAW_NO_SAMPLE,False,,,,False,,True,158,data/acquisition/runs/20260724T194142Z-90ed6449/run_manifest.json,,Saxo provider/source coverage,False,
usdjpy,2019-01-01T07:00:00Z,2019-01-01T02:00:00-05:00,2019,1,Tuesday,7,2,SAXO_RAW_NO_SAMPLE,False,,,,False,,True,158,data/acquisition/runs/20260724T194142Z-90ed6449/run_manifest.json,,Saxo provider/source coverage,False,
usdjpy,2019-01-01T08:00:00Z,2019-01-01T03:00:00-05:00,2019,1,Tuesday,8,3,SAXO_RAW_NO_SAMPLE,False,,,,False,,True,158,data/acquisition/runs/20260724T194142Z-90ed6449/run_manifest.json,,Saxo provider/source coverage,False,
usdjpy,2019-01-01T09:00:00Z,2019-01-01T04:00:00-05:00,2019,1,Tuesday,9,4,SAXO_RAW_NO_SAMPLE,False,,,,False,,True,158,data/acquisition/runs/20260724T194142Z-90ed6449/run_manifest.json,,Saxo provider/source coverage,False,
usdjpy,2019-01-01T10:00:00Z,2019-01-01T05:00:00-05:00,2019,1,Tuesday,10,5,SAXO_RAW_NO_SAMPLE,False,,,,False,,True,158,data/acquisition/runs/20260724T194142Z-90ed6449/run_manifest.json,,Saxo provider/source coverage,False,
usdjpy,2019-01-01T11:00:00Z,2019-01-01T06:00:00-05:00,2019,1,Tuesday,11,6,SAXO_RAW_NO_SAMPLE,False,,,,False,,True,158,data/acquisition/runs/20260724T194142Z-90ed6449/run_manifest.json,,Saxo provider/source coverage,False,
usdjpy,2019-01-01T12:00:00Z,2019-01-01T07:00:00-05:00,2019,1,Tuesday,12,7,SAXO_RAW_NO_SAMPLE,False,,,,False,,True,158,data/acquisition/runs/20260724T194142Z-90ed6449/run_manifest.json,,Saxo provider/source coverage,False,
usdjpy,2019-01-01T13:00:00Z,2019-01-01T08:00:00-05:00,2019,1,Tuesday,13,8,SAXO_RAW_NO_SAMPLE,False,,,,False,,True,158,data/acquisition/runs/20260724T194142Z-90ed6449/run_manifest.json,,Saxo provider/source coverage,False,
usdjpy,2019-01-01T14:00:00Z,2019-01-01T09:00:00-05:00,2019,1,Tuesday,14,9,SAXO_RAW_NO_SAMPLE,False,,,,False,,True,158,data/acquisition/runs/20260724T194142Z-90ed6449/run_manifest.json,,Saxo provider/source coverage,False,
usdjpy,2019-01-01T15:00:00Z,2019-01-01T10:00:00-05:00,2019,1,Tuesday,15,10,SAXO_RAW_NO_SAMPLE,False,,,,False,,True,158,data/acquisition/runs/20260724T194142Z-90ed6449/run_manifest.json,,Saxo provider/source coverage,False,
usdjpy,2019-01-01T16:00:00Z,2019-01-01T11:00:00-05:00,2019,1,Tuesday,16,11,SAXO_RAW_NO_SAMPLE,False,,,,False,,True,158,data/acquisition/runs/20260724T194142Z-90ed6449/run_manifest.json,,Saxo provider/source coverage,False,
usdjpy,2019-01-01T17:00:00Z,2019-01-01T12:00:00-05:00,2019,1,Tuesday,17,12,SAXO_RAW_NO_SAMPLE,False,,,,False,,True,158,data/acquisition/runs/20260724T194142Z-90ed6449/run_manifest.json,,Saxo provider/source coverage,False,
usdjpy,2019-12-25T07:00:00Z,2019-12-25T02:00:00-05:00,2019,12,Wednesday,7,2,SAXO_RAW_NO_SAMPLE,False,,,,False,,True,158,data/acquisition/runs/20260724T194142Z-90ed6449/run_manifest.json,,Saxo provider/source coverage,False,
usdjpy,2019-12-25T08:00:00Z,2019-12-25T03:00:00-05:00,2019,12,Wednesday,8,3,SAXO_RAW_NO_SAMPLE,False,,,,False,,True,158,data/acquisition/runs/20260724T194142Z-90ed6449/run_manifest.json,,Saxo provider/source coverage,False,
usdjpy,2019-12-25T09:00:00Z,2019-12-25T04:00:00-05:00,2019,12,Wednesday,9,4,SAXO_RAW_NO_SAMPLE,False,,,,False,,True,158,data/acquisition/runs/20260724T194142Z-90ed6449/run_manifest.json,,Saxo provider/source coverage,False,
usdjpy,2019-12-25T10:00:00Z,2019-12-25T05:00:00-05:00,2019,12,Wednesday,10,5,SAXO_RAW_NO_SAMPLE,False,,,,False,,True,158,data/acquisition/runs/20260724T194142Z-90ed6449/run_manifest.json,,Saxo provider/source coverage,False,
usdjpy,2019-12-25T11:00:00Z,2019-12-25T06:00:00-05:00,2019,12,Wednesday,11,6,SAXO_RAW_NO_SAMPLE,False,,,,False,,True,158,data/acquisition/runs/20260724T194142Z-90ed6449/run_manifest.json,,Saxo provider/source coverage,False,
usdjpy,2019-12-25T12:00:00Z,2019-12-25T07:00:00-05:00,2019,12,Wednesday,12,7,SAXO_RAW_NO_SAMPLE,False,,,,False,,True,158,data/acquisition/runs/20260724T194142Z-90ed6449/run_manifest.json,,Saxo provider/source coverage,False,
usdjpy,2019-12-25T13:00:00Z,2019-12-25T08:00:00-05:00,2019,12,Wednesday,13,8,SAXO_RAW_NO_SAMPLE,False,,,,False,,True,158,data/acquisition/runs/20260724T194142Z-90ed6449/run_manifest.json,,Saxo provider/source coverage,False,
usdjpy,2019-12-25T14:00:00Z,2019-12-25T09:00:00-05:00,2019,12,Wednesday,14,9,SAXO_RAW_NO_SAMPLE,False,,,,False,,True,158,data/acquisition/runs/20260724T194142Z-90ed6449/run_manifest.json,,Saxo provider/source coverage,False,
usdjpy,2019-12-25T15:00:00Z,2019-12-25T10:00:00-05:00,2019,12,Wednesday,15,10,SAXO_RAW_NO_SAMPLE,False,,,,False,,True,158,data/acquisition/runs/20260724T194142Z-90ed6449/run_manifest.json,,Saxo provider/source coverage,False,
usdjpy,2019-12-25T16:00:00Z,2019-12-25T11:00:00-05:00,2019,12,Wednesday,16,11,SAXO_RAW_NO_SAMPLE,False,,,,False,,True,158,data/acquisition/runs/20260724T194142Z-90ed6449/run_manifest.json,,Saxo provider/source coverage,False,
usdjpy,2019-12-25T17:00:00Z,2019-12-25T12:00:00-05:00,2019,12,Wednesday,17,12,SAXO_RAW_NO_SAMPLE,False,,,,False,,True,158,data/acquisition/runs/20260724T194142Z-90ed6449/run_manifest.json,,Saxo provider/source coverage,False,
usdjpy,2019-12-25T18:00:00Z,2019-12-25T13:00:00-05:00,2019,12,Wednesday,18,13,SAXO_RAW_NO_SAMPLE,False,,,,False,,True,158,data/acquisition/runs/20260724T194142Z-90ed6449/run_manifest.json,,Saxo provider/source coverage,False,
usdjpy,2019-12-25T19:00:00Z,2019-12-25T14:00:00-05:00,2019,12,Wednesday,19,14,SAXO_RAW_NO_SAMPLE,False,,,,False,,True,158,data/acquisition/runs/20260724T194142Z-90ed6449/run_manifest.json,,Saxo provider/source coverage,False,
usdjpy,2019-12-25T20:00:00Z,2019-12-25T15:00:00-05:00,2019,12,Wednesday,20,15,SAXO_RAW_NO_SAMPLE,False,,,,False,,True,158,data/acquisition/runs/20260724T194142Z-90ed6449/run_manifest.json,,Saxo provider/source coverage,False,
usdjpy,2019-12-31T23:00:00Z,2019-12-31T18:00:00-05:00,2019,12,Tuesday,23,18,SAXO_RAW_NO_SAMPLE,False,,,,False,,True,158,data/acquisition/runs/20260724T194142Z-90ed6449/run_manifest.json,,Saxo provider/source coverage,False,
usdjpy,2020-01-01T00:00:00Z,2019-12-31T19:00:00-05:00,2020,1,Wednesday,0,19,SAXO_RAW_NO_SAMPLE,False,,,,False,,True,158,data/acquisition/runs/20260724T194142Z-90ed6449/run_manifest.json,,Saxo provider/source coverage,False,
usdjpy,2020-01-01T01:00:00Z,2019-12-31T20:00:00-05:00,2020,1,Wednesday,1,20,SAXO_RAW_NO_SAMPLE,False,,,,False,,True,158,data/acquisition/runs/20260724T194142Z-90ed6449/run_manifest.json,,Saxo provider/source coverage,False,
usdjpy,2020-01-01T02:00:00Z,2019-12-31T21:00:00-05:00,2020,1,Wednesday,2,21,SAXO_RAW_NO_SAMPLE,False,,,,False,,True,158,data/acquisition/runs/20260724T194142Z-90ed6449/run_manifest.json,,Saxo provider/source coverage,False,
usdjpy,2020-01-01T03:00:00Z,2019-12-31T22:00:00-05:00,2020,1,Wednesday,3,22,SAXO_RAW_NO_SAMPLE,False,,,,False,,True,158,data/acquisition/runs/20260724T194142Z-90ed6449/run_manifest.json,,Saxo provider/source coverage,False,
usdjpy,2020-01-01T04:00:00Z,2019-12-31T23:00:00-05:00,2020,1,Wednesday,4,23,SAXO_RAW_NO_SAMPLE,False,,,,False,,True,158,data/acquisition/runs/20260724T194142Z-90ed6449/run_manifest.json,,Saxo provider/source coverage,False,
usdjpy,2020-01-01T05:00:00Z,2020-01-01T00:00:00-05:00,2020,1,Wednesday,5,0,SAXO_RAW_NO_SAMPLE,False,,,,False,,True,158,data/acquisition/runs/20260724T194142Z-90ed6449/run_manifest.json,,Saxo provider/source coverage,False,
usdjpy,2020-01-01T06:00:00Z,2020-01-01T01:00:00-05:00,2020,1,Wednesday,6,1,SAXO_RAW_NO_SAMPLE,False,,,,False,,True,158,data/acquisition/runs/20260724T194142Z-90ed6449/run_manifest.json,,Saxo provider/source coverage,False,
usdjpy,2020-01-01T07:00:00Z,2020-01-01T02:00:00-05:00,2020,1,Wednesday,7,2,SAXO_RAW_NO_SAMPLE,False,,,,False,,True,158,data/acquisition/runs/20260724T194142Z-90ed6449/run_manifest.json,,Saxo provider/source coverage,False,
usdjpy,2020-01-01T08:00:00Z,2020-01-01T03:00:00-05:00,2020,1,Wednesday,8,3,SAXO_RAW_NO_SAMPLE,False,,,,False,,True,158,data/acquisition/runs/20260724T194142Z-90ed6449/run_manifest.json,,Saxo provider/source coverage,False,
usdjpy,2020-01-01T09:00:00Z,2020-01-01T04:00:00-05:00,2020,1,Wednesday,9,4,SAXO_RAW_NO_SAMPLE,False,,,,False,,True,158,data/acquisition/runs/20260724T194142Z-90ed6449/run_manifest.json,,Saxo provider/source coverage,False,
usdjpy,2020-01-01T10:00:00Z,2020-01-01T05:00:00-05:00,2020,1,Wednesday,10,5,SAXO_RAW_NO_SAMPLE,False,,,,False,,True,158,data/acquisition/runs/20260724T194142Z-90ed6449/run_manifest.json,,Saxo provider/source coverage,False,
usdjpy,2020-01-01T11:00:00Z,2020-01-01T06:00:00-05:00,2020,1,Wednesday,11,6,SAXO_RAW_NO_SAMPLE,False,,,,False,,True,158,data/acquisition/runs/20260724T194142Z-90ed6449/run_manifest.json,,Saxo provider/source coverage,False,
usdjpy,2020-01-01T12:00:00Z,2020-01-01T07:00:00-05:00,2020,1,Wednesday,12,7,SAXO_RAW_NO_SAMPLE,False,,,,False,,True,158,data/acquisition/runs/20260724T194142Z-90ed6449/run_manifest.json,,Saxo provider/source coverage,False,
usdjpy,2020-01-01T13:00:00Z,2020-01-01T08:00:00-05:00,2020,1,Wednesday,13,8,SAXO_RAW_NO_SAMPLE,False,,,,False,,True,158,data/acquisition/runs/20260724T194142Z-90ed6449/run_manifest.json,,Saxo provider/source coverage,False,
usdjpy,2020-01-01T14:00:00Z,2020-01-01T09:00:00-05:00,2020,1,Wednesday,14,9,SAXO_RAW_NO_SAMPLE,False,,,,False,,True,158,data/acquisition/runs/20260724T194142Z-90ed6449/run_manifest.json,,Saxo provider/source coverage,False,
usdjpy,2020-01-01T15:00:00Z,2020-01-01T10:00:00-05:00,2020,1,Wednesday,15,10,SAXO_RAW_NO_SAMPLE,False,,,,False,,True,158,data/acquisition/runs/20260724T194142Z-90ed6449/run_manifest.json,,Saxo provider/source coverage,False,
usdjpy,2020-01-01T16:00:00Z,2020-01-01T11:00:00-05:00,2020,1,Wednesday,16,11,SAXO_RAW_NO_SAMPLE,False,,,,False,,True,158,data/acquisition/runs/20260724T194142Z-90ed6449/run_manifest.json,,Saxo provider/source coverage,False,
usdjpy,2020-01-01T17:00:00Z,2020-01-01T12:00:00-05:00,2020,1,Wednesday,17,12,SAXO_RAW_NO_SAMPLE,False,,,,False,,True,158,data/acquisition/runs/20260724T194142Z-90ed6449/run_manifest.json,,Saxo provider/source coverage,False,
usdjpy,2020-12-25T07:00:00Z,2020-12-25T02:00:00-05:00,2020,12,Friday,7,2,SAXO_RAW_NO_SAMPLE,False,,,,False,,True,158,data/acquisition/runs/20260724T194142Z-90ed6449/run_manifest.json,,Saxo provider/source coverage,False,
usdjpy,2020-12-25T08:00:00Z,2020-12-25T03:00:00-05:00,2020,12,Friday,8,3,SAXO_RAW_NO_SAMPLE,False,,,,False,,True,158,data/acquisition/runs/20260724T194142Z-90ed6449/run_manifest.json,,Saxo provider/source coverage,False,
usdjpy,2020-12-25T09:00:00Z,2020-12-25T04:00:00-05:00,2020,12,Friday,9,4,SAXO_RAW_NO_SAMPLE,False,,,,False,,True,158,data/acquisition/runs/20260724T194142Z-90ed6449/run_manifest.json,,Saxo provider/source coverage,False,
usdjpy,2020-12-25T10:00:00Z,2020-12-25T05:00:00-05:00,2020,12,Friday,10,5,SAXO_RAW_NO_SAMPLE,False,,,,False,,True,158,data/acquisition/runs/20260724T194142Z-90ed6449/run_manifest.json,,Saxo provider/source coverage,False,
usdjpy,2020-12-25T11:00:00Z,2020-12-25T06:00:00-05:00,2020,12,Friday,11,6,SAXO_RAW_NO_SAMPLE,False,,,,False,,True,158,data/acquisition/runs/20260724T194142Z-90ed6449/run_manifest.json,,Saxo provider/source coverage,False,
usdjpy,2020-12-25T12:00:00Z,2020-12-25T07:00:00-05:00,2020,12,Friday,12,7,SAXO_RAW_NO_SAMPLE,False,,,,False,,True,158,data/acquisition/runs/20260724T194142Z-90ed6449/run_manifest.json,,Saxo provider/source coverage,False,
usdjpy,2020-12-25T13:00:00Z,2020-12-25T08:00:00-05:00,2020,12,Friday,13,8,SAXO_RAW_NO_SAMPLE,False,,,,False,,True,158,data/acquisition/runs/20260724T194142Z-90ed6449/run_manifest.json,,Saxo provider/source coverage,False,
usdjpy,2020-12-25T14:00:00Z,2020-12-25T09:00:00-05:00,2020,12,Friday,14,9,SAXO_RAW_NO_SAMPLE,False,,,,False,,True,158,data/acquisition/runs/20260724T194142Z-90ed6449/run_manifest.json,,Saxo provider/source coverage,False,
usdjpy,2020-12-25T15:00:00Z,2020-12-25T10:00:00-05:00,2020,12,Friday,15,10,SAXO_RAW_NO_SAMPLE,False,,,,False,,True,158,data/acquisition/runs/20260724T194142Z-90ed6449/run_manifest.json,,Saxo provider/source coverage,False,
usdjpy,2020-12-25T16:00:00Z,2020-12-25T11:00:00-05:00,2020,12,Friday,16,11,SAXO_RAW_NO_SAMPLE,False,,,,False,,True,158,data/acquisition/runs/20260724T194142Z-90ed6449/run_manifest.json,,Saxo provider/source coverage,False,
usdjpy,2020-12-25T17:00:00Z,2020-12-25T12:00:00-05:00,2020,12,Friday,17,12,SAXO_RAW_NO_SAMPLE,False,,,,False,,True,158,data/acquisition/runs/20260724T194142Z-90ed6449/run_manifest.json,,Saxo provider/source coverage,False,
usdjpy,2020-12-25T18:00:00Z,2020-12-25T13:00:00-05:00,2020,12,Friday,18,13,SAXO_RAW_NO_SAMPLE,False,,,,False,,True,158,data/acquisition/runs/20260724T194142Z-90ed6449/run_manifest.json,,Saxo provider/source coverage,False,
usdjpy,2020-12-25T19:00:00Z,2020-12-25T14:00:00-05:00,2020,12,Friday,19,14,SAXO_RAW_NO_SAMPLE,False,,,,False,,True,158,data/acquisition/runs/20260724T194142Z-90ed6449/run_manifest.json,,Saxo provider/source coverage,False,
usdjpy,2020-12-25T20:00:00Z,2020-12-25T15:00:00-05:00,2020,12,Friday,20,15,SAXO_RAW_NO_SAMPLE,False,,,,False,,True,158,data/acquisition/runs/20260724T194142Z-90ed6449/run_manifest.json,,Saxo provider/source coverage,False,
usdjpy,2020-12-31T23:00:00Z,2020-12-31T18:00:00-05:00,2020,12,Thursday,23,18,SAXO_RAW_NO_SAMPLE,False,,,,False,,True,158,data/acquisition/runs/20260724T194142Z-90ed6449/run_manifest.json,,Saxo provider/source coverage,False,
usdjpy,2021-01-01T00:00:00Z,2020-12-31T19:00:00-05:00,2021,1,Friday,0,19,SAXO_RAW_NO_SAMPLE,False,,,,False,,True,158,data/acquisition/runs/20260724T194142Z-90ed6449/run_manifest.json,,Saxo provider/source coverage,False,
usdjpy,2021-01-01T01:00:00Z,2020-12-31T20:00:00-05:00,2021,1,Friday,1,20,SAXO_RAW_NO_SAMPLE,False,,,,False,,True,158,data/acquisition/runs/20260724T194142Z-90ed6449/run_manifest.json,,Saxo provider/source coverage,False,
usdjpy,2021-01-01T02:00:00Z,2020-12-31T21:00:00-05:00,2021,1,Friday,2,21,SAXO_RAW_NO_SAMPLE,False,,,,False,,True,158,data/acquisition/runs/20260724T194142Z-90ed6449/run_manifest.json,,Saxo provider/source coverage,False,
usdjpy,2021-01-01T03:00:00Z,2020-12-31T22:00:00-05:00,2021,1,Friday,3,22,SAXO_RAW_NO_SAMPLE,False,,,,False,,True,158,data/acquisition/runs/20260724T194142Z-90ed6449/run_manifest.json,,Saxo provider/source coverage,False,
usdjpy,2021-01-01T04:00:00Z,2020-12-31T23:00:00-05:00,2021,1,Friday,4,23,SAXO_RAW_NO_SAMPLE,False,,,,False,,True,158,data/acquisition/runs/20260724T194142Z-90ed6449/run_manifest.json,,Saxo provider/source coverage,False,
usdjpy,2021-01-01T05:00:00Z,2021-01-01T00:00:00-05:00,2021,1,Friday,5,0,SAXO_RAW_NO_SAMPLE,False,,,,False,,True,158,data/acquisition/runs/20260724T194142Z-90ed6449/run_manifest.json,,Saxo provider/source coverage,False,
usdjpy,2021-01-01T06:00:00Z,2021-01-01T01:00:00-05:00,2021,1,Friday,6,1,SAXO_RAW_NO_SAMPLE,False,,,,False,,True,158,data/acquisition/runs/20260724T194142Z-90ed6449/run_manifest.json,,Saxo provider/source coverage,False,
usdjpy,2021-01-01T07:00:00Z,2021-01-01T02:00:00-05:00,2021,1,Friday,7,2,SAXO_RAW_NO_SAMPLE,False,,,,False,,True,158,data/acquisition/runs/20260724T194142Z-90ed6449/run_manifest.json,,Saxo provider/source coverage,False,
usdjpy,2021-01-01T08:00:00Z,2021-01-01T03:00:00-05:00,2021,1,Friday,8,3,SAXO_RAW_NO_SAMPLE,False,,,,False,,True,158,data/acquisition/runs/20260724T194142Z-90ed6449/run_manifest.json,,Saxo provider/source coverage,False,
usdjpy,2021-01-01T09:00:00Z,2021-01-01T04:00:00-05:00,2021,1,Friday,9,4,SAXO_RAW_NO_SAMPLE,False,,,,False,,True,158,data/acquisition/runs/20260724T194142Z-90ed6449/run_manifest.json,,Saxo provider/source coverage,False,
usdjpy,2021-01-01T10:00:00Z,2021-01-01T05:00:00-05:00,2021,1,Friday,10,5,SAXO_RAW_NO_SAMPLE,False,,,,False,,True,158,data/acquisition/runs/20260724T194142Z-90ed6449/run_manifest.json,,Saxo provider/source coverage,False,
usdjpy,2021-01-01T11:00:00Z,2021-01-01T06:00:00-05:00,2021,1,Friday,11,6,SAXO_RAW_NO_SAMPLE,False,,,,False,,True,158,data/acquisition/runs/20260724T194142Z-90ed6449/run_manifest.json,,Saxo provider/source coverage,False,
usdjpy,2021-01-01T12:00:00Z,2021-01-01T07:00:00-05:00,2021,1,Friday,12,7,SAXO_RAW_NO_SAMPLE,False,,,,False,,True,158,data/acquisition/runs/20260724T194142Z-90ed6449/run_manifest.json,,Saxo provider/source coverage,False,
usdjpy,2021-01-01T13:00:00Z,2021-01-01T08:00:00-05:00,2021,1,Friday,13,8,SAXO_RAW_NO_SAMPLE,False,,,,False,,True,158,data/acquisition/runs/20260724T194142Z-90ed6449/run_manifest.json,,Saxo provider/source coverage,False,
usdjpy,2021-01-01T14:00:00Z,2021-01-01T09:00:00-05:00,2021,1,Friday,14,9,SAXO_RAW_NO_SAMPLE,False,,,,False,,True,158,data/acquisition/runs/20260724T194142Z-90ed6449/run_manifest.json,,Saxo provider/source coverage,False,
usdjpy,2021-01-01T15:00:00Z,2021-01-01T10:00:00-05:00,2021,1,Friday,15,10,SAXO_RAW_NO_SAMPLE,False,,,,False,,True,158,data/acquisition/runs/20260724T194142Z-90ed6449/run_manifest.json,,Saxo provider/source coverage,False,
usdjpy,2021-01-01T16:00:00Z,2021-01-01T11:00:00-05:00,2021,1,Friday,16,11,SAXO_RAW_NO_SAMPLE,False,,,,False,,True,158,data/acquisition/runs/20260724T194142Z-90ed6449/run_manifest.json,,Saxo provider/source coverage,False,
usdjpy,2021-01-01T17:00:00Z,2021-01-01T12:00:00-05:00,2021,1,Friday,17,12,SAXO_RAW_NO_SAMPLE,False,,,,False,,True,158,data/acquisition/runs/20260724T194142Z-90ed6449/run_manifest.json,,Saxo provider/source coverage,False,
usdjpy,2021-01-01T18:00:00Z,2021-01-01T13:00:00-05:00,2021,1,Friday,18,13,SAXO_RAW_NO_SAMPLE,False,,,,False,,True,158,data/acquisition/runs/20260724T194142Z-90ed6449/run_manifest.json,,Saxo provider/source coverage,False,
usdjpy,2021-01-01T19:00:00Z,2021-01-01T14:00:00-05:00,2021,1,Friday,19,14,SAXO_RAW_NO_SAMPLE,False,,,,False,,True,158,data/acquisition/runs/20260724T194142Z-90ed6449/run_manifest.json,,Saxo provider/source coverage,False,
usdjpy,2021-01-01T20:00:00Z,2021-01-01T15:00:00-05:00,2021,1,Friday,20,15,SAXO_RAW_NO_SAMPLE,False,,,,False,,True,158,data/acquisition/runs/20260724T194142Z-90ed6449/run_manifest.json,,Saxo provider/source coverage,False,
usdjpy,2023-12-25T08:00:00Z,2023-12-25T03:00:00-05:00,2023,12,Monday,8,3,SAXO_RAW_NO_SAMPLE,False,,,,False,,True,158,data/acquisition/runs/20260724T194142Z-90ed6449/run_manifest.json,,Saxo provider/source coverage,False,
usdjpy,2023-12-25T09:00:00Z,2023-12-25T04:00:00-05:00,2023,12,Monday,9,4,SAXO_RAW_NO_SAMPLE,False,,,,False,,True,158,data/acquisition/runs/20260724T194142Z-90ed6449/run_manifest.json,,Saxo provider/source coverage,False,
usdjpy,2023-12-25T10:00:00Z,2023-12-25T05:00:00-05:00,2023,12,Monday,10,5,SAXO_RAW_NO_SAMPLE,False,,,,False,,True,158,data/acquisition/runs/20260724T194142Z-90ed6449/run_manifest.json,,Saxo provider/source coverage,False,
usdjpy,2023-12-25T11:00:00Z,2023-12-25T06:00:00-05:00,2023,12,Monday,11,6,SAXO_RAW_NO_SAMPLE,False,,,,False,,True,158,data/acquisition/runs/20260724T194142Z-90ed6449/run_manifest.json,,Saxo provider/source coverage,False,
usdjpy,2023-12-25T12:00:00Z,2023-12-25T07:00:00-05:00,2023,12,Monday,12,7,SAXO_RAW_NO_SAMPLE,False,,,,False,,True,158,data/acquisition/runs/20260724T194142Z-90ed6449/run_manifest.json,,Saxo provider/source coverage,False,
usdjpy,2023-12-25T13:00:00Z,2023-12-25T08:00:00-05:00,2023,12,Monday,13,8,SAXO_RAW_NO_SAMPLE,False,,,,False,,True,158,data/acquisition/runs/20260724T194142Z-90ed6449/run_manifest.json,,Saxo provider/source coverage,False,
usdjpy,2023-12-25T14:00:00Z,2023-12-25T09:00:00-05:00,2023,12,Monday,14,9,SAXO_RAW_NO_SAMPLE,False,,,,False,,True,158,data/acquisition/runs/20260724T194142Z-90ed6449/run_manifest.json,,Saxo provider/source coverage,False,
usdjpy,2023-12-25T15:00:00Z,2023-12-25T10:00:00-05:00,2023,12,Monday,15,10,SAXO_RAW_NO_SAMPLE,False,,,,False,,True,158,data/acquisition/runs/20260724T194142Z-90ed6449/run_manifest.json,,Saxo provider/source coverage,False,
usdjpy,2023-12-25T16:00:00Z,2023-12-25T11:00:00-05:00,2023,12,Monday,16,11,SAXO_RAW_NO_SAMPLE,False,,,,False,,True,158,data/acquisition/runs/20260724T194142Z-90ed6449/run_manifest.json,,Saxo provider/source coverage,False,
usdjpy,2023-12-25T17:00:00Z,2023-12-25T12:00:00-05:00,2023,12,Monday,17,12,SAXO_RAW_NO_SAMPLE,False,,,,False,,True,158,data/acquisition/runs/20260724T194142Z-90ed6449/run_manifest.json,,Saxo provider/source coverage,False,
usdjpy,2023-12-31T23:00:00Z,2023-12-31T18:00:00-05:00,2023,12,Sunday,23,18,SAXO_RAW_NO_SAMPLE,False,,,,False,,True,158,data/acquisition/runs/20260724T194142Z-90ed6449/run_manifest.json,,Saxo provider/source coverage,False,
usdjpy,2024-01-01T00:00:00Z,2023-12-31T19:00:00-05:00,2024,1,Monday,0,19,SAXO_RAW_NO_SAMPLE,False,,,,False,,True,158,data/acquisition/runs/20260724T194142Z-90ed6449/run_manifest.json,,Saxo provider/source coverage,False,
usdjpy,2024-01-01T01:00:00Z,2023-12-31T20:00:00-05:00,2024,1,Monday,1,20,SAXO_RAW_NO_SAMPLE,False,,,,False,,True,158,data/acquisition/runs/20260724T194142Z-90ed6449/run_manifest.json,,Saxo provider/source coverage,False,
usdjpy,2024-01-01T02:00:00Z,2023-12-31T21:00:00-05:00,2024,1,Monday,2,21,SAXO_RAW_NO_SAMPLE,False,,,,False,,True,158,data/acquisition/runs/20260724T194142Z-90ed6449/run_manifest.json,,Saxo provider/source coverage,False,
usdjpy,2024-01-01T03:00:00Z,2023-12-31T22:00:00-05:00,2024,1,Monday,3,22,SAXO_RAW_NO_SAMPLE,False,,,,False,,True,158,data/acquisition/runs/20260724T194142Z-90ed6449/run_manifest.json,,Saxo provider/source coverage,False,
usdjpy,2024-01-01T04:00:00Z,2023-12-31T23:00:00-05:00,2024,1,Monday,4,23,SAXO_RAW_NO_SAMPLE,False,,,,False,,True,158,data/acquisition/runs/20260724T194142Z-90ed6449/run_manifest.json,,Saxo provider/source coverage,False,
usdjpy,2024-01-01T05:00:00Z,2024-01-01T00:00:00-05:00,2024,1,Monday,5,0,SAXO_RAW_NO_SAMPLE,False,,,,False,,True,158,data/acquisition/runs/20260724T194142Z-90ed6449/run_manifest.json,,Saxo provider/source coverage,False,
usdjpy,2024-01-01T06:00:00Z,2024-01-01T01:00:00-05:00,2024,1,Monday,6,1,SAXO_RAW_NO_SAMPLE,False,,,,False,,True,158,data/acquisition/runs/20260724T194142Z-90ed6449/run_manifest.json,,Saxo provider/source coverage,False,
usdjpy,2024-01-01T07:00:00Z,2024-01-01T02:00:00-05:00,2024,1,Monday,7,2,SAXO_RAW_NO_SAMPLE,False,,,,False,,True,158,data/acquisition/runs/20260724T194142Z-90ed6449/run_manifest.json,,Saxo provider/source coverage,False,
usdjpy,2024-01-01T08:00:00Z,2024-01-01T03:00:00-05:00,2024,1,Monday,8,3,SAXO_RAW_NO_SAMPLE,False,,,,False,,True,158,data/acquisition/runs/20260724T194142Z-90ed6449/run_manifest.json,,Saxo provider/source coverage,False,
usdjpy,2024-01-01T09:00:00Z,2024-01-01T04:00:00-05:00,2024,1,Monday,9,4,SAXO_RAW_NO_SAMPLE,False,,,,False,,True,158,data/acquisition/runs/20260724T194142Z-90ed6449/run_manifest.json,,Saxo provider/source coverage,False,
usdjpy,2024-01-01T10:00:00Z,2024-01-01T05:00:00-05:00,2024,1,Monday,10,5,SAXO_RAW_NO_SAMPLE,False,,,,False,,True,158,data/acquisition/runs/20260724T194142Z-90ed6449/run_manifest.json,,Saxo provider/source coverage,False,
usdjpy,2024-01-01T11:00:00Z,2024-01-01T06:00:00-05:00,2024,1,Monday,11,6,SAXO_RAW_NO_SAMPLE,False,,,,False,,True,158,data/acquisition/runs/20260724T194142Z-90ed6449/run_manifest.json,,Saxo provider/source coverage,False,
usdjpy,2024-01-01T12:00:00Z,2024-01-01T07:00:00-05:00,2024,1,Monday,12,7,SAXO_RAW_NO_SAMPLE,False,,,,False,,True,158,data/acquisition/runs/20260724T194142Z-90ed6449/run_manifest.json,,Saxo provider/source coverage,False,
usdjpy,2024-01-01T13:00:00Z,2024-01-01T08:00:00-05:00,2024,1,Monday,13,8,SAXO_RAW_NO_SAMPLE,False,,,,False,,True,158,data/acquisition/runs/20260724T194142Z-90ed6449/run_manifest.json,,Saxo provider/source coverage,False,
usdjpy,2024-01-01T14:00:00Z,2024-01-01T09:00:00-05:00,2024,1,Monday,14,9,SAXO_RAW_NO_SAMPLE,False,,,,False,,True,158,data/acquisition/runs/20260724T194142Z-90ed6449/run_manifest.json,,Saxo provider/source coverage,False,
usdjpy,2024-01-01T15:00:00Z,2024-01-01T10:00:00-05:00,2024,1,Monday,15,10,SAXO_RAW_NO_SAMPLE,False,,,,False,,True,158,data/acquisition/runs/20260724T194142Z-90ed6449/run_manifest.json,,Saxo provider/source coverage,False,
usdjpy,2024-01-01T16:00:00Z,2024-01-01T11:00:00-05:00,2024,1,Monday,16,11,SAXO_RAW_NO_SAMPLE,False,,,,False,,True,158,data/acquisition/runs/20260724T194142Z-90ed6449/run_manifest.json,,Saxo provider/source coverage,False,
usdjpy,2024-01-01T17:00:00Z,2024-01-01T12:00:00-05:00,2024,1,Monday,17,12,SAXO_RAW_NO_SAMPLE,False,,,,False,,True,158,data/acquisition/runs/20260724T194142Z-90ed6449/run_manifest.json,,Saxo provider/source coverage,False,
usdjpy,2024-12-25T08:00:00Z,2024-12-25T03:00:00-05:00,2024,12,Wednesday,8,3,SAXO_RAW_NO_SAMPLE,False,,,,False,,True,158,data/acquisition/runs/20260724T194142Z-90ed6449/run_manifest.json,,Saxo provider/source coverage,False,
usdjpy,2024-12-25T09:00:00Z,2024-12-25T04:00:00-05:00,2024,12,Wednesday,9,4,SAXO_RAW_NO_SAMPLE,False,,,,False,,True,158,data/acquisition/runs/20260724T194142Z-90ed6449/run_manifest.json,,Saxo provider/source coverage,False,
usdjpy,2024-12-25T10:00:00Z,2024-12-25T05:00:00-05:00,2024,12,Wednesday,10,5,SAXO_RAW_NO_SAMPLE,False,,,,False,,True,158,data/acquisition/runs/20260724T194142Z-90ed6449/run_manifest.json,,Saxo provider/source coverage,False,
usdjpy,2024-12-25T11:00:00Z,2024-12-25T06:00:00-05:00,2024,12,Wednesday,11,6,SAXO_RAW_NO_SAMPLE,False,,,,False,,True,158,data/acquisition/runs/20260724T194142Z-90ed6449/run_manifest.json,,Saxo provider/source coverage,False,
usdjpy,2024-12-25T12:00:00Z,2024-12-25T07:00:00-05:00,2024,12,Wednesday,12,7,SAXO_RAW_NO_SAMPLE,False,,,,False,,True,158,data/acquisition/runs/20260724T194142Z-90ed6449/run_manifest.json,,Saxo provider/source coverage,False,
usdjpy,2024-12-25T13:00:00Z,2024-12-25T08:00:00-05:00,2024,12,Wednesday,13,8,SAXO_RAW_NO_SAMPLE,False,,,,False,,True,158,data/acquisition/runs/20260724T194142Z-90ed6449/run_manifest.json,,Saxo provider/source coverage,False,
usdjpy,2024-12-25T14:00:00Z,2024-12-25T09:00:00-05:00,2024,12,Wednesday,14,9,SAXO_RAW_NO_SAMPLE,False,,,,False,,True,158,data/acquisition/runs/20260724T194142Z-90ed6449/run_manifest.json,,Saxo provider/source coverage,False,
usdjpy,2024-12-25T15:00:00Z,2024-12-25T10:00:00-05:00,2024,12,Wednesday,15,10,SAXO_RAW_NO_SAMPLE,False,,,,False,,True,158,data/acquisition/runs/20260724T194142Z-90ed6449/run_manifest.json,,Saxo provider/source coverage,False,
usdjpy,2024-12-25T16:00:00Z,2024-12-25T11:00:00-05:00,2024,12,Wednesday,16,11,SAXO_RAW_NO_SAMPLE,False,,,,False,,True,158,data/acquisition/runs/20260724T194142Z-90ed6449/run_manifest.json,,Saxo provider/source coverage,False,
usdjpy,2024-12-25T17:00:00Z,2024-12-25T12:00:00-05:00,2024,12,Wednesday,17,12,SAXO_RAW_NO_SAMPLE,False,,,,False,,True,158,data/acquisition/runs/20260724T194142Z-90ed6449/run_manifest.json,,Saxo provider/source coverage,False,
usdjpy,2024-12-31T23:00:00Z,2024-12-31T18:00:00-05:00,2024,12,Tuesday,23,18,SAXO_RAW_NO_SAMPLE,False,,,,False,,True,158,data/acquisition/runs/20260724T194142Z-90ed6449/run_manifest.json,,Saxo provider/source coverage,False,
usdjpy,2025-01-01T00:00:00Z,2024-12-31T19:00:00-05:00,2025,1,Wednesday,0,19,SAXO_RAW_NO_SAMPLE,False,,,,False,,True,158,data/acquisition/runs/20260724T194142Z-90ed6449/run_manifest.json,,Saxo provider/source coverage,False,
usdjpy,2025-01-01T01:00:00Z,2024-12-31T20:00:00-05:00,2025,1,Wednesday,1,20,SAXO_RAW_NO_SAMPLE,False,,,,False,,True,158,data/acquisition/runs/20260724T194142Z-90ed6449/run_manifest.json,,Saxo provider/source coverage,False,
usdjpy,2025-01-01T02:00:00Z,2024-12-31T21:00:00-05:00,2025,1,Wednesday,2,21,SAXO_RAW_NO_SAMPLE,False,,,,False,,True,158,data/acquisition/runs/20260724T194142Z-90ed6449/run_manifest.json,,Saxo provider/source coverage,False,
usdjpy,2025-01-01T03:00:00Z,2024-12-31T22:00:00-05:00,2025,1,Wednesday,3,22,SAXO_RAW_NO_SAMPLE,False,,,,False,,True,158,data/acquisition/runs/20260724T194142Z-90ed6449/run_manifest.json,,Saxo provider/source coverage,False,
usdjpy,2025-01-01T04:00:00Z,2024-12-31T23:00:00-05:00,2025,1,Wednesday,4,23,SAXO_RAW_NO_SAMPLE,False,,,,False,,True,158,data/acquisition/runs/20260724T194142Z-90ed6449/run_manifest.json,,Saxo provider/source coverage,False,
usdjpy,2025-01-01T05:00:00Z,2025-01-01T00:00:00-05:00,2025,1,Wednesday,5,0,SAXO_RAW_NO_SAMPLE,False,,,,False,,True,158,data/acquisition/runs/20260724T194142Z-90ed6449/run_manifest.json,,Saxo provider/source coverage,False,
usdjpy,2025-01-01T06:00:00Z,2025-01-01T01:00:00-05:00,2025,1,Wednesday,6,1,SAXO_RAW_NO_SAMPLE,False,,,,False,,True,158,data/acquisition/runs/20260724T194142Z-90ed6449/run_manifest.json,,Saxo provider/source coverage,False,
usdjpy,2025-01-01T07:00:00Z,2025-01-01T02:00:00-05:00,2025,1,Wednesday,7,2,SAXO_RAW_NO_SAMPLE,False,,,,False,,True,158,data/acquisition/runs/20260724T194142Z-90ed6449/run_manifest.json,,Saxo provider/source coverage,False,
usdjpy,2025-01-01T08:00:00Z,2025-01-01T03:00:00-05:00,2025,1,Wednesday,8,3,SAXO_RAW_NO_SAMPLE,False,,,,False,,True,158,data/acquisition/runs/20260724T194142Z-90ed6449/run_manifest.json,,Saxo provider/source coverage,False,
usdjpy,2025-01-01T09:00:00Z,2025-01-01T04:00:00-05:00,2025,1,Wednesday,9,4,SAXO_RAW_NO_SAMPLE,False,,,,False,,True,158,data/acquisition/runs/20260724T194142Z-90ed6449/run_manifest.json,,Saxo provider/source coverage,False,
usdjpy,2025-01-01T10:00:00Z,2025-01-01T05:00:00-05:00,2025,1,Wednesday,10,5,SAXO_RAW_NO_SAMPLE,False,,,,False,,True,158,data/acquisition/runs/20260724T194142Z-90ed6449/run_manifest.json,,Saxo provider/source coverage,False,
usdjpy,2025-01-01T11:00:00Z,2025-01-01T06:00:00-05:00,2025,1,Wednesday,11,6,SAXO_RAW_NO_SAMPLE,False,,,,False,,True,158,data/acquisition/runs/20260724T194142Z-90ed6449/run_manifest.json,,Saxo provider/source coverage,False,
usdjpy,2025-01-01T12:00:00Z,2025-01-01T07:00:00-05:00,2025,1,Wednesday,12,7,SAXO_RAW_NO_SAMPLE,False,,,,False,,True,158,data/acquisition/runs/20260724T194142Z-90ed6449/run_manifest.json,,Saxo provider/source coverage,False,
usdjpy,2025-01-01T13:00:00Z,2025-01-01T08:00:00-05:00,2025,1,Wednesday,13,8,SAXO_RAW_NO_SAMPLE,False,,,,False,,True,158,data/acquisition/runs/20260724T194142Z-90ed6449/run_manifest.json,,Saxo provider/source coverage,False,
usdjpy,2025-01-01T14:00:00Z,2025-01-01T09:00:00-05:00,2025,1,Wednesday,14,9,SAXO_RAW_NO_SAMPLE,False,,,,False,,True,158,data/acquisition/runs/20260724T194142Z-90ed6449/run_manifest.json,,Saxo provider/source coverage,False,
usdjpy,2025-01-01T15:00:00Z,2025-01-01T10:00:00-05:00,2025,1,Wednesday,15,10,SAXO_RAW_NO_SAMPLE,False,,,,False,,True,158,data/acquisition/runs/20260724T194142Z-90ed6449/run_manifest.json,,Saxo provider/source coverage,False,
usdjpy,2025-01-01T16:00:00Z,2025-01-01T11:00:00-05:00,2025,1,Wednesday,16,11,SAXO_RAW_NO_SAMPLE,False,,,,False,,True,158,data/acquisition/runs/20260724T194142Z-90ed6449/run_manifest.json,,Saxo provider/source coverage,False,
usdjpy,2025-01-01T17:00:00Z,2025-01-01T12:00:00-05:00,2025,1,Wednesday,17,12,SAXO_RAW_NO_SAMPLE,False,,,,False,,True,158,data/acquisition/runs/20260724T194142Z-90ed6449/run_manifest.json,,Saxo provider/source coverage,False,
usdjpy,2025-12-25T08:00:00Z,2025-12-25T03:00:00-05:00,2025,12,Thursday,8,3,SAXO_RAW_NO_SAMPLE,False,,,,False,,True,158,data/acquisition/runs/20260724T194142Z-90ed6449/run_manifest.json,,Saxo provider/source coverage,False,
usdjpy,2025-12-25T09:00:00Z,2025-12-25T04:00:00-05:00,2025,12,Thursday,9,4,SAXO_RAW_NO_SAMPLE,False,,,,False,,True,158,data/acquisition/runs/20260724T194142Z-90ed6449/run_manifest.json,,Saxo provider/source coverage,False,
usdjpy,2025-12-25T10:00:00Z,2025-12-25T05:00:00-05:00,2025,12,Thursday,10,5,SAXO_RAW_NO_SAMPLE,False,,,,False,,True,158,data/acquisition/runs/20260724T194142Z-90ed6449/run_manifest.json,,Saxo provider/source coverage,False,
usdjpy,2025-12-25T11:00:00Z,2025-12-25T06:00:00-05:00,2025,12,Thursday,11,6,SAXO_RAW_NO_SAMPLE,False,,,,False,,True,158,data/acquisition/runs/20260724T194142Z-90ed6449/run_manifest.json,,Saxo provider/source coverage,False,
usdjpy,2025-12-25T12:00:00Z,2025-12-25T07:00:00-05:00,2025,12,Thursday,12,7,SAXO_RAW_NO_SAMPLE,False,,,,False,,True,158,data/acquisition/runs/20260724T194142Z-90ed6449/run_manifest.json,,Saxo provider/source coverage,False,
usdjpy,2025-12-25T13:00:00Z,2025-12-25T08:00:00-05:00,2025,12,Thursday,13,8,SAXO_RAW_NO_SAMPLE,False,,,,False,,True,158,data/acquisition/runs/20260724T194142Z-90ed6449/run_manifest.json,,Saxo provider/source coverage,False,
usdjpy,2025-12-25T14:00:00Z,2025-12-25T09:00:00-05:00,2025,12,Thursday,14,9,SAXO_RAW_NO_SAMPLE,False,,,,False,,True,158,data/acquisition/runs/20260724T194142Z-90ed6449/run_manifest.json,,Saxo provider/source coverage,False,
usdjpy,2025-12-25T15:00:00Z,2025-12-25T10:00:00-05:00,2025,12,Thursday,15,10,SAXO_RAW_NO_SAMPLE,False,,,,False,,True,158,data/acquisition/runs/20260724T194142Z-90ed6449/run_manifest.json,,Saxo provider/source coverage,False,
usdjpy,2025-12-25T16:00:00Z,2025-12-25T11:00:00-05:00,2025,12,Thursday,16,11,SAXO_RAW_NO_SAMPLE,False,,,,False,,True,158,data/acquisition/runs/20260724T194142Z-90ed6449/run_manifest.json,,Saxo provider/source coverage,False,
usdjpy,2025-12-25T17:00:00Z,2025-12-25T12:00:00-05:00,2025,12,Thursday,17,12,SAXO_RAW_NO_SAMPLE,False,,,,False,,True,158,data/acquisition/runs/20260724T194142Z-90ed6449/run_manifest.json,,Saxo provider/source coverage,False,
usdjpy,2025-12-31T23:00:00Z,2025-12-31T18:00:00-05:00,2025,12,Wednesday,23,18,SAXO_RAW_NO_SAMPLE,False,,,,False,,True,158,data/acquisition/runs/20260724T194142Z-90ed6449/run_manifest.json,,Saxo provider/source coverage,False,
usdjpy,2026-01-01T00:00:00Z,2025-12-31T19:00:00-05:00,2026,1,Thursday,0,19,SAXO_RAW_NO_SAMPLE,False,,,,False,,True,158,data/acquisition/runs/20260724T194142Z-90ed6449/run_manifest.json,,Saxo provider/source coverage,False,
usdjpy,2026-01-01T01:00:00Z,2025-12-31T20:00:00-05:00,2026,1,Thursday,1,20,SAXO_RAW_NO_SAMPLE,False,,,,False,,True,158,data/acquisition/runs/20260724T194142Z-90ed6449/run_manifest.json,,Saxo provider/source coverage,False,
usdjpy,2026-01-01T02:00:00Z,2025-12-31T21:00:00-05:00,2026,1,Thursday,2,21,SAXO_RAW_NO_SAMPLE,False,,,,False,,True,158,data/acquisition/runs/20260724T194142Z-90ed6449/run_manifest.json,,Saxo provider/source coverage,False,
usdjpy,2026-01-01T03:00:00Z,2025-12-31T22:00:00-05:00,2026,1,Thursday,3,22,SAXO_RAW_NO_SAMPLE,False,,,,False,,True,158,data/acquisition/runs/20260724T194142Z-90ed6449/run_manifest.json,,Saxo provider/source coverage,False,
usdjpy,2026-01-01T04:00:00Z,2025-12-31T23:00:00-05:00,2026,1,Thursday,4,23,SAXO_RAW_NO_SAMPLE,False,,,,False,,True,158,data/acquisition/runs/20260724T194142Z-90ed6449/run_manifest.json,,Saxo provider/source coverage,False,
usdjpy,2026-01-01T05:00:00Z,2026-01-01T00:00:00-05:00,2026,1,Thursday,5,0,SAXO_RAW_NO_SAMPLE,False,,,,False,,True,158,data/acquisition/runs/20260724T194142Z-90ed6449/run_manifest.json,,Saxo provider/source coverage,False,
usdjpy,2026-01-01T06:00:00Z,2026-01-01T01:00:00-05:00,2026,1,Thursday,6,1,SAXO_RAW_NO_SAMPLE,False,,,,False,,True,158,data/acquisition/runs/20260724T194142Z-90ed6449/run_manifest.json,,Saxo provider/source coverage,False,
usdjpy,2026-01-01T07:00:00Z,2026-01-01T02:00:00-05:00,2026,1,Thursday,7,2,SAXO_RAW_NO_SAMPLE,False,,,,False,,True,158,data/acquisition/runs/20260724T194142Z-90ed6449/run_manifest.json,,Saxo provider/source coverage,False,
usdjpy,2026-01-01T08:00:00Z,2026-01-01T03:00:00-05:00,2026,1,Thursday,8,3,SAXO_RAW_NO_SAMPLE,False,,,,False,,True,158,data/acquisition/runs/20260724T194142Z-90ed6449/run_manifest.json,,Saxo provider/source coverage,False,
usdjpy,2026-01-01T09:00:00Z,2026-01-01T04:00:00-05:00,2026,1,Thursday,9,4,SAXO_RAW_NO_SAMPLE,False,,,,False,,True,158,data/acquisition/runs/20260724T194142Z-90ed6449/run_manifest.json,,Saxo provider/source coverage,False,
usdjpy,2026-01-01T10:00:00Z,2026-01-01T05:00:00-05:00,2026,1,Thursday,10,5,SAXO_RAW_NO_SAMPLE,False,,,,False,,True,158,data/acquisition/runs/20260724T194142Z-90ed6449/run_manifest.json,,Saxo provider/source coverage,False,
usdjpy,2026-01-01T11:00:00Z,2026-01-01T06:00:00-05:00,2026,1,Thursday,11,6,SAXO_RAW_NO_SAMPLE,False,,,,False,,True,158,data/acquisition/runs/20260724T194142Z-90ed6449/run_manifest.json,,Saxo provider/source coverage,False,
usdjpy,2026-01-01T12:00:00Z,2026-01-01T07:00:00-05:00,2026,1,Thursday,12,7,SAXO_RAW_NO_SAMPLE,False,,,,False,,True,158,data/acquisition/runs/20260724T194142Z-90ed6449/run_manifest.json,,Saxo provider/source coverage,False,
usdjpy,2026-01-01T13:00:00Z,2026-01-01T08:00:00-05:00,2026,1,Thursday,13,8,SAXO_RAW_NO_SAMPLE,False,,,,False,,True,158,data/acquisition/runs/20260724T194142Z-90ed6449/run_manifest.json,,Saxo provider/source coverage,False,
usdjpy,2026-01-01T14:00:00Z,2026-01-01T09:00:00-05:00,2026,1,Thursday,14,9,SAXO_RAW_NO_SAMPLE,False,,,,False,,True,158,data/acquisition/runs/20260724T194142Z-90ed6449/run_manifest.json,,Saxo provider/source coverage,False,
usdjpy,2026-01-01T15:00:00Z,2026-01-01T10:00:00-05:00,2026,1,Thursday,15,10,SAXO_RAW_NO_SAMPLE,False,,,,False,,True,158,data/acquisition/runs/20260724T194142Z-90ed6449/run_manifest.json,,Saxo provider/source coverage,False,
usdjpy,2026-01-01T16:00:00Z,2026-01-01T11:00:00-05:00,2026,1,Thursday,16,11,SAXO_RAW_NO_SAMPLE,False,,,,False,,True,158,data/acquisition/runs/20260724T194142Z-90ed6449/run_manifest.json,,Saxo provider/source coverage,False,
usdjpy,2026-01-01T17:00:00Z,2026-01-01T12:00:00-05:00,2026,1,Thursday,17,12,SAXO_RAW_NO_SAMPLE,False,,,,False,,True,158,data/acquisition/runs/20260724T194142Z-90ed6449/run_manifest.json,,Saxo provider/source coverage,False,
